RowNumber,variable1,variable2,variable3,result
1,435,78,D,34884
2,285,94,C,25393
3,162,62,A,14560
4,648,47,D,47260
5,11,71,C,5494
6,25,94,C,7973
7,582,90,B,44352
8,603,32,C,42545
9,926,39,B,63690
10,876,17,A,58045
11,556,32,C,39396
12,300,96,D,26928
13,337,50,D,26316
14,122,51,A,11245
15,647,48,D,47260
16,273,41,C,21038
17,207,15,D,15096
18,616,64,A,44200
19,426,74,C,33500
20,944,53,C,66799
21,511,70,B,38346
22,563,59,B,41052
23,792,78,A,56550
24,247,30,A,18005
25,911,36,B,62502
26,981,55,B,68376
27,698,47,C,49915
28,187,13,B,13200
29,103,34,D,9316
30,105,65,B,11220
31,551,92,D,43724
32,514,16,C,35510
33,448,15,A,30095
34,688,90,C,52126
35,342,91,C,29011
36,44,59,A,6695
37,280,51,D,22508
38,421,82,D,34204
39,244,36,B,18480
40,740,32,C,51724
41,915,71,C,66062
42,101,59,A,10400
43,513,63,B,38016
44,186,73,B,17094
45,545,19,B,37224
46,236,13,D,16932
47,275,92,D,24956
48,805,89,A,58110
49,805,12,D,55556
50,236,28,B,17424
51,581,13,B,39204
52,873,47,C,61640
53,806,12,C,54806
54,856,79,A,60775
55,532,70,D,40936
56,365,67,D,29376
57,616,35,D,44268
58,846,14,A,55900
59,369,71,C,29480
60,718,63,D,53108
61,788,65,A,55445
62,739,66,B,53130
63,650,96,A,48490
64,336,20,B,23496
65,829,82,A,59215
66,756,68,B,54384
67,395,59,C,30418
68,61,40,A,6565
69,517,16,D,36244
70,421,43,B,30624
71,448,66,A,33410
72,420,49,B,30954
73,832,43,A,56875
74,114,68,A,11830
75,634,38,B,44352
76,540,30,C,38190
77,957,85,B,68772
78,958,49,C,67469
79,474,38,C,34304
80,939,16,C,63985
81,935,82,D,69156
82,686,77,C,51121
83,754,51,B,53130
84,636,95,D,49708
85,112,14,B,8316
86,387,17,C,27068
87,240,20,D,17680
88,61,75,C,9112
89,163,79,C,16214
90,710,57,D,52156
91,193,30,C,14941
92,850,99,D,64532
93,381,82,B,30558
94,124,88,D,14416
95,189,92,B,18546
96,996,83,A,70135
97,185,63,C,16616
98,752,86,A,54470
99,735,59,B,52404
100,354,15,C,24723
101,270,62,D,22576
102,689,89,B,51348
103,969,59,C,68876
104,333,38,B,24486
105,776,34,B,53460
106,936,82,C,68206
107,98,22,D,8160
108,838,12,A,55250
109,449,18,C,31289
110,288,16,D,20672
111,790,40,C,55610
112,138,96,D,15912
113,687,41,C,48776
114,262,25,B,18942
115,648,88,C,49312
116,8,48,A,3640
117,916,83,C,66933
118,312,71,B,25278
119,506,55,C,37587
120,830,73,A,58695
121,563,98,D,44948
122,515,82,B,39402
123,640,14,B,43164
124,834,53,A,57655
125,637,100,C,49379
126,303,62,B,24090
127,884,28,D,62016
128,988,89,C,72159
129,882,49,D,63308
130,904,13,D,62356
131,95,38,D,9044
132,133,100,A,15145
133,452,63,C,34505
134,278,52,A,21450
135,236,14,C,16750
136,408,49,D,31076
137,965,62,D,69836
138,366,76,A,28730
139,182,53,B,15510
140,328,99,D,29036
141,138,40,A,11570
142,283,17,D,20400
143,862,15,B,57882
144,32,20,A,3380
145,269,97,D,24888
146,806,28,D,56712
147,540,91,B,41646
148,24,90,A,7410
149,575,49,C,41808
150,999,28,D,69836
151,350,100,C,30150
152,735,56,C,52997
153,711,14,A,47125
154,648,82,D,49640
155,36,46,D,5576
156,244,28,B,17952
157,341,57,D,27064
158,273,10,B,18678
159,215,20,A,15275
160,770,55,C,55275
161,555,76,D,42908
162,448,80,B,34848
163,320,67,B,25542
164,588,94,D,46376
165,600,21,B,40986
166,857,17,D,59432
167,659,86,B,49170
168,606,34,D,43520
169,532,96,B,41448
170,63,97,D,10880
171,762,32,D,53992
172,391,98,A,31785
173,891,11,D,61336
174,440,71,C,34237
175,411,33,C,29748
176,540,74,D,41752
177,411,75,D,33048
178,155,92,B,16302
179,620,100,C,48240
180,435,18,C,30351
181,977,97,D,73032
182,288,31,D,21692
183,938,21,C,64253
184,446,40,D,33048
185,910,26,A,60840
186,472,42,B,33924
187,412,34,C,29882
188,28,51,A,5135
189,608,75,D,46444
190,478,79,C,37319
191,339,57,A,25740
192,657,72,B,48114
193,161,18,C,11993
194,779,31,B,53460
195,704,74,A,50570
196,145,87,D,15776
197,316,91,D,27676
198,478,38,B,34056
199,578,69,B,42702
200,302,12,A,20410
201,749,45,D,53992
202,714,32,C,49982
203,530,98,C,42076
204,998,99,C,73499
205,748,53,D,54468
206,736,33,D,52292
207,98,41,A,9035
208,952,63,D,69020
209,777,45,B,54252
210,577,69,A,41990
211,921,99,B,67320
212,623,32,D,44540
213,520,28,C,36716
214,272,26,B,19668
215,325,32,D,24276
216,443,89,B,35112
217,526,61,D,39916
218,612,10,D,42296
219,336,23,D,24412
220,340,61,B,26466
221,772,78,B,56100
222,182,45,A,14755
223,559,47,A,39390
224,270,59,A,21385
225,937,15,B,62832
226,870,84,B,62964
227,88,12,C,6700
228,45,61,B,6996
229,741,75,C,54672
230,288,15,B,19998
231,434,46,D,32640
232,694,14,B,46728
233,245,16,C,17487
234,964,14,B,64548
235,364,89,B,29898
236,833,55,B,58608
237,442,29,C,31557
238,81,57,B,9108
239,27,38,D,4420
240,448,73,B,34386
241,742,47,B,52074
242,329,53,B,25212
243,790,77,D,58956
244,736,19,B,49830
245,882,98,A,63700
246,676,67,A,48295
247,259,60,C,21373
248,566,100,C,44622
249,558,65,D,42364
250,810,90,B,59400
251,170,16,A,12090
252,836,62,B,59268
253,452,10,C,30954
254,682,91,D,52564
255,56,78,B,8844
256,993,24,B,67122
257,42,31,D,4964
258,49,63,C,7504
259,234,57,B,19206
260,112,90,D,13736
261,470,56,A,34190
262,431,81,C,34304
263,977,43,D,69360
264,951,46,D,67796
265,325,10,B,22110
266,643,24,C,44689
267,533,85,B,40788
268,4,79,B,5478
269,505,80,C,39195
270,493,91,D,39712
271,939,59,B,65868
272,418,67,B,32010
273,639,23,C,44354
274,333,27,B,23760
275,73,98,A,11115
276,734,77,D,55148
277,415,40,A,29575
278,679,82,A,49465
279,252,68,A,20800
280,464,61,C,35175
281,590,51,D,43588
282,572,10,D,39576
283,229,84,C,20971
284,118,14,D,8976
285,153,59,A,13780
286,775,67,A,54730
287,226,64,C,19430
288,731,55,B,51876
289,366,39,B,26730
290,927,89,D,69088
291,231,27,D,17544
292,799,51,D,57800
293,319,26,D,23460
294,954,45,D,67932
295,132,34,A,10790
296,54,50,B,6864
297,258,77,B,22110
298,554,38,C,39664
299,858,82,A,61100
300,769,94,A,56095
301,928,83,B,66726
302,637,65,D,47736
303,697,65,C,51054
304,924,91,D,69020
305,449,43,C,32964
306,271,37,D,20944
307,909,48,C,64119
308,205,97,A,19630
309,122,22,D,9792
310,122,33,B,10230
311,621,86,D,48076
312,271,87,A,23270
313,742,47,B,52074
314,111,83,B,12804
315,270,20,A,18850
316,894,29,A,59995
317,122,87,C,14003
318,175,18,A,12545
319,856,94,B,62700
320,251,59,C,20770
321,691,91,C,52394
322,641,76,D,48756
323,379,57,A,28340
324,633,41,B,44484
325,371,83,B,29964
326,575,53,C,42076
327,657,23,C,45560
328,84,25,D,7412
329,727,90,B,53922
330,98,66,A,10660
331,33,21,B,3564
332,973,26,C,66933
333,350,47,A,25805
334,182,23,B,13530
335,641,50,A,44915
336,684,91,B,51150
337,672,86,D,51544
338,664,47,B,46926
339,686,38,C,48508
340,785,28,D,55284
341,307,54,B,23826
342,427,15,D,30056
343,121,35,C,10452
344,821,48,D,59092
345,22,95,A,7605
346,118,65,A,11895
347,843,19,D,58616
348,444,26,D,31960
349,906,56,A,62530
350,401,45,A,28990
351,151,53,B,13464
352,25,11,A,2340
353,958,14,A,63180
354,518,91,A,39585
355,316,78,A,25610
356,58,29,A,5655
357,52,92,B,9504
358,936,33,D,65892
359,437,81,A,33670
360,691,35,A,47190
361,870,81,A,61815
362,699,23,B,47652
363,424,64,D,33184
364,831,98,A,60385
365,565,87,D,44336
366,812,14,C,55342
367,148,47,C,13065
368,372,15,A,25155
369,693,50,B,49038
370,308,24,B,21912
371,74,60,A,8710
372,491,13,D,34272
373,535,20,A,36075
374,655,41,D,47328
375,688,48,D,50048
376,266,96,B,23892
377,744,40,C,52528
378,889,12,C,60367
379,826,69,C,59965
380,359,41,A,26000
381,796,89,D,60180
382,233,84,D,21556
383,816,91,D,61676
384,397,22,D,28492
385,95,65,D,10880
386,862,10,B,57552
387,234,15,A,16185
388,758,22,D,53040
389,324,46,B,24420
390,908,19,A,60255
391,103,97,B,13200
392,672,16,B,45408
393,161,27,A,12220
394,747,25,A,50180
395,660,65,C,48575
396,675,65,D,50320
397,50,71,C,8107
398,682,37,A,46735
399,220,68,B,19008
400,421,26,C,29949
401,64,49,A,7345
402,799,38,B,55242
403,517,44,A,36465
404,655,96,C,50317
405,630,44,B,44484
406,106,45,B,9966
407,621,80,A,45565
408,753,54,C,54069
409,377,89,A,30290
410,983,85,B,70488
411,373,92,B,30690
412,649,95,A,48360
413,102,74,B,11616
414,508,53,C,37587
415,648,71,C,48173
416,523,47,A,37050
417,288,94,A,24830
418,975,68,C,69881
419,834,50,A,57460
420,702,40,C,49714
421,408,67,D,32300
422,649,77,D,49368
423,905,97,B,66132
424,769,63,B,54912
425,102,55,D,10676
426,775,55,D,56440
427,460,37,D,33796
428,36,81,A,7605
429,827,55,D,59976
430,483,93,D,39168
431,241,55,A,19240
432,972,25,B,65802
433,878,93,B,64086
434,336,72,A,26520
435,537,42,C,38793
436,400,89,D,33252
437,490,64,A,36010
438,419,37,D,31008
439,628,49,A,44005
440,667,99,C,51322
441,142,11,D,10404
442,160,10,B,11220
443,778,35,D,55284
444,244,68,D,21216
445,964,87,A,68315
446,950,54,C,67268
447,946,23,A,62985
448,561,58,B,40854
449,892,80,D,66096
450,23,18,C,2747
451,446,97,C,36381
452,418,99,A,33605
453,803,59,A,56030
454,837,87,A,60060
455,649,80,A,47385
456,201,81,C,18894
457,909,11,A,59800
458,397,37,A,28210
459,54,36,C,6030
460,363,29,C,26264
461,563,14,C,38659
462,501,43,D,36992
463,717,22,A,48035
464,827,59,B,58476
465,216,93,B,20394
466,256,94,B,23100
467,437,84,B,34386
468,616,71,D,46716
469,703,22,B,47850
470,60,86,B,9636
471,135,71,B,13596
472,57,93,A,9750
473,70,25,D,6460
474,274,13,D,19516
475,14,10,B,1584
476,304,44,C,23316
477,509,96,A,39325
478,498,57,A,36075
479,19,41,A,3900
480,384,55,B,28974
481,538,94,A,41080
482,259,57,A,20540
483,612,26,D,43384
484,397,29,B,28116
485,77,100,D,12036
486,964,100,B,70224
487,621,19,D,43520
488,457,63,C,34840
489,937,80,C,68139
490,505,90,B,39270
491,264,63,D,22236
492,373,100,D,32164
493,179,96,C,18425
494,752,88,A,54600
495,59,62,D,8228
496,446,30,A,30940
497,265,37,C,20234
498,253,75,A,21320
499,295,62,D,24276
500,732,62,B,52404
501,709,40,B,49434
502,75,67,A,9230
503,626,67,B,45738
504,572,98,B,44220
505,888,89,D,66436
506,869,17,B,58476
507,287,65,A,22880
508,350,65,B,27390
509,884,44,C,62176
510,942,18,C,64320
511,589,11,A,39000
512,443,63,D,34408
513,21,38,B,3894
514,25,25,A,3250
515,696,78,A,50310
516,723,23,A,48490
517,593,56,B,42834
518,727,39,B,50556
519,261,100,D,24548
520,761,25,C,52662
521,799,62,D,58548
522,518,92,A,39650
523,320,43,C,24321
524,725,89,C,54538
525,792,45,D,56916
526,214,70,B,18744
527,470,90,B,36960
528,819,68,B,58542
529,812,39,C,57017
530,310,90,C,26800
531,955,15,B,64020
532,896,52,C,63516
533,401,55,C,30552
534,603,43,B,42636
535,491,18,C,34103
536,30,76,D,7208
537,563,97,B,43560
538,541,41,A,37830
539,294,46,D,23120
540,882,68,D,64600
541,748,57,D,54740
542,494,53,C,36649
543,222,79,D,20468
544,155,76,B,15246
545,650,96,C,49982
546,960,99,B,69894
547,213,58,A,17615
548,23,28,C,3417
549,195,34,A,14885
550,931,90,C,68407
551,48,26,D,5032
552,420,40,D,31280
553,4,34,B,2508
554,719,25,B,49104
555,73,62,C,9045
556,96,85,A,11765
557,450,42,D,33456
558,420,69,A,31785
559,374,83,B,30162
560,370,10,A,24700
561,106,33,A,9035
562,965,96,A,68965
563,75,56,A,8515
564,217,92,A,20085
565,295,65,C,24120
566,649,34,B,45078
567,84,57,D,9588
568,795,26,C,55007
569,276,11,A,18655
570,7,89,A,6240
571,235,66,A,19565
572,580,87,D,45356
573,196,41,C,15879
574,764,92,B,56496
575,169,67,D,16048
576,267,48,C,21105
577,716,71,B,51942
578,56,69,A,8125
579,87,16,A,6695
580,837,87,C,61908
581,826,13,A,54535
582,37,24,B,4026
583,193,56,C,16683
584,390,63,C,30351
585,727,76,D,54604
586,910,13,B,60918
587,928,81,D,68612
588,460,65,D,35700
589,561,94,A,42575
590,719,39,D,51544
591,421,97,D,35224
592,690,17,D,48076
593,806,60,C,58022
594,813,76,A,57785
595,902,84,A,64090
596,844,59,D,61404
597,252,57,C,20703
598,335,55,B,25740
599,146,54,B,13200
600,780,56,A,54340
601,759,63,A,53430
602,546,11,D,37876
603,308,30,C,22646
604,927,98,B,67650
605,303,73,C,25192
606,1,26,A,1755
607,618,17,B,41910
608,392,12,C,27068
609,692,34,C,48642
610,243,68,A,20215
611,946,96,B,68772
612,26,81,C,7169
613,990,77,B,70422
614,209,57,B,17556
615,583,37,C,41540
616,37,16,B,3498
617,23,24,A,3055
618,972,60,A,67080
619,340,61,B,26466
620,316,63,D,25772
621,895,32,B,61182
622,174,90,C,17688
623,886,61,A,61555
624,412,79,C,32897
625,522,100,C,41674
626,229,17,A,15990
627,141,35,D,11968
628,808,98,B,59796
629,916,15,C,62377
630,266,86,A,22880
631,756,31,A,51155
632,134,95,B,15114
633,769,45,A,52910
634,329,85,C,27738
635,610,65,D,45900
636,251,32,D,19244
637,77,30,C,7169
638,499,16,B,33990
639,337,49,A,25090
640,313,35,B,22968
641,768,16,B,51744
642,913,62,B,64350
643,174,71,A,15925
644,961,85,B,69036
645,333,32,C,24455
646,456,61,B,34122
647,834,85,B,60654
648,42,71,A,7345
649,534,57,B,39006
650,72,58,D,8840
651,916,21,C,62779
652,706,26,D,49776
653,170,53,B,14718
654,993,92,C,72695
655,414,28,A,28730
656,376,62,A,28470
657,446,33,C,32093
658,755,83,C,56146
659,866,93,C,64253
660,746,41,A,51155
661,511,73,B,38544
662,921,46,D,65756
663,551,90,A,41665
664,387,51,C,29346
665,706,96,A,52130
666,537,95,D,42976
667,22,72,D,6392
668,933,74,B,66462
669,73,10,C,5561
670,950,40,B,65340
671,96,99,A,12675
672,530,12,D,36856
673,983,32,D,69020
674,155,78,D,15844
675,712,65,B,51282
676,289,34,B,21318
677,512,90,D,40936
678,80,82,B,10692
679,761,25,C,52662
680,724,97,C,55007
681,972,76,B,69168
682,196,36,B,15312
683,930,61,C,66397
684,179,56,C,15745
685,253,81,B,22044
686,703,72,C,51925
687,897,63,B,63360
688,688,38,C,48642
689,712,76,A,51220
690,761,50,B,53526
691,867,56,D,62764
692,922,75,C,66799
693,684,83,A,49855
694,696,73,C,51523
695,772,90,D,58616
696,399,35,C,29078
697,593,39,A,41080
698,120,97,A,14105
699,158,99,A,16705
700,670,33,A,45695
701,614,42,A,42640
702,707,89,B,52536
703,895,49,A,61360
704,401,32,A,28145
705,550,36,B,38676
706,523,19,D,36856
707,952,39,A,64415
708,784,83,B,57222
709,511,77,C,39396
710,85,21,A,6890
711,584,62,A,41990
712,205,95,C,20100
713,720,17,A,47905
714,904,68,D,66096
715,880,54,C,62578
716,313,62,C,25125
717,32,45,C,5159
718,484,57,A,35165
719,20,88,B,7128
720,675,10,B,45210
721,701,14,D,48620
722,188,13,A,13065
723,190,22,A,13780
724,241,67,C,20636
725,896,56,D,64736
726,543,26,C,38123
727,745,41,A,51090
728,145,83,A,14820
729,117,36,B,10098
730,612,35,D,43996
731,397,50,A,29055
732,443,82,A,34125
733,188,47,D,15980
734,54,91,A,9425
735,227,40,D,18156
736,42,43,B,5610
737,695,36,A,47515
738,384,80,D,31552
739,876,22,B,59268
740,506,60,D,38488
741,434,81,B,33990
742,156,29,C,12395
743,792,40,C,55744
744,762,15,C,52059
745,788,41,B,54714
746,334,62,B,26136
747,24,66,A,5850
748,675,69,D,50592
749,223,42,D,18020
750,100,46,A,9490
751,435,51,B,32076
752,441,56,A,32305
753,319,32,D,23868
754,822,79,C,60367
755,593,26,C,41473
756,391,10,A,26065
757,527,64,B,39006
758,102,52,B,10164
759,317,73,B,25740
760,537,10,A,35555
761,939,78,C,68139
762,993,15,B,66528
763,324,44,B,24288
764,905,48,D,64804
765,657,60,D,48756
766,9,67,B,5016
767,856,35,A,57915
768,92,75,B,11022
769,70,53,D,8364
770,755,68,B,54318
771,317,42,B,23694
772,513,69,D,39576
773,871,87,B,63228
774,555,38,C,39731
775,766,76,A,54730
776,751,89,C,56280
777,175,93,D,18224
778,749,55,A,52260
779,154,76,C,15410
780,331,96,D,29036
781,879,51,B,61380
782,267,33,C,20100
783,404,76,A,31200
784,404,52,D,31008
785,179,86,B,17490
786,730,66,D,54128
787,201,62,D,17884
788,678,44,D,49096
789,316,78,A,25610
790,564,77,A,41665
791,129,91,B,14520
792,875,36,A,59215
793,621,92,C,47771
794,508,97,C,40535
795,243,71,C,21038
796,199,30,B,15114
797,457,80,C,35979
798,143,50,C,12931
799,585,76,A,42965
800,500,75,C,38525
801,861,64,D,62900
802,464,49,D,34884
803,761,86,C,56749
804,933,33,B,63756
805,197,80,A,18005
806,126,44,B,11220
807,970,83,C,70551
808,713,16,C,48843
809,71,17,A,5720
810,858,47,A,58825
811,485,23,C,34036
812,972,86,A,68770
813,961,48,C,67603
814,232,71,B,19998
815,862,84,B,62436
816,426,75,A,32565
817,496,38,C,35778
818,717,21,D,50184
819,955,37,B,65472
820,738,51,B,52074
821,592,64,C,43952
822,19,93,C,7504
823,871,63,D,63512
824,795,66,D,58548
825,862,91,C,63851
826,167,59,A,14690
827,523,40,A,36595
828,338,84,B,27852
829,162,78,B,15840
830,408,57,D,31620
831,389,33,C,28274
832,776,78,C,57218
833,12,25,A,2405
834,290,59,B,23034
835,388,95,C,32361
836,988,91,C,72293
837,249,59,A,20020
838,725,98,A,53495
839,454,31,D,32980
840,639,59,A,45370
841,258,50,A,20020
842,337,68,B,26730
843,828,15,D,57324
844,840,17,D,58276
845,7,54,B,4026
846,817,10,A,53755
847,786,21,A,52455
848,32,47,D,5372
849,882,55,B,61842
850,919,60,D,66572
851,319,31,B,23100
852,188,69,C,17219
853,199,35,C,15678
854,662,54,A,46540
855,338,58,B,26136
856,84,68,B,10032
857,691,32,A,46995
858,951,28,D,66572
859,933,55,D,67184
860,895,93,B,65208
861,28,72,C,6700
862,767,89,D,58208
863,275,61,C,22512
864,322,22,A,22360
865,511,44,B,36630
866,998,22,C,68340
867,441,63,C,33768
868,349,11,D,24480
869,758,55,B,53658
870,676,100,A,50440
871,937,39,A,63440
872,750,93,D,57324
873,275,97,A,24180
874,780,26,B,53196
875,670,60,D,49640
876,88,81,B,11154
877,136,96,D,15776
878,452,19,C,31557
879,881,91,B,64152
880,790,99,D,60452
881,766,59,D,56100
882,641,37,A,44070
883,498,94,C,39664
884,426,55,C,32227
885,68,19,D,5916
886,169,87,C,17152
887,782,36,A,53170
888,640,98,C,49446
889,410,92,B,33132
890,478,20,A,32370
891,749,72,A,53365
892,14,85,C,6633
893,819,72,B,58806
894,690,90,A,50700
895,276,99,B,24750
896,935,47,D,66776
897,77,33,D,7480
898,68,86,D,10472
899,418,29,B,29502
900,282,79,D,24548
901,125,61,D,12648
902,11,56,B,4422
903,14,47,C,4087
904,240,65,B,20130
905,11,96,D,7276
906,808,59,A,56355
907,646,39,B,45210
908,701,81,A,50830
909,2,75,C,5159
910,137,31,A,10920
911,38,53,A,5915
912,106,82,A,12220
913,843,58,B,59466
914,243,11,B,16764
915,104,57,B,10626
916,722,83,D,54740
917,567,35,D,40936
918,725,80,B,53130
919,628,88,A,46540
920,769,15,C,52528
921,298,93,B,25806
922,432,96,B,34848
923,127,44,B,11286
924,16,94,B,7260
925,470,63,C,35711
926,803,24,B,54582
927,994,47,B,68706
928,639,87,A,47190
929,629,23,D,44336
930,630,45,A,43875
931,134,99,C,15611
932,72,56,C,8576
933,437,53,B,32340
934,760,16,D,52768
935,460,40,D,34000
936,863,62,A,60125
937,556,57,D,41684
938,459,65,C,35108
939,105,12,B,7722
940,977,73,D,71400
941,21,28,C,3283
942,182,32,B,14124
943,832,71,D,61404
944,68,69,D,9316
945,643,38,C,45627
946,48,56,A,6760
947,472,79,B,36366
948,638,84,B,47652
949,618,33,D,44268
950,859,49,A,59020
951,154,99,B,16698
952,492,87,A,37635
953,530,49,A,37635
954,11,55,D,4488
955,971,50,B,67386
956,500,91,A,38415
957,212,76,D,19584
958,888,69,B,63162
959,411,70,B,31746
960,190,85,B,18150
961,903,87,B,65340
962,417,50,C,31289
963,779,87,C,58022
964,839,31,A,56550
965,951,52,B,66198
966,988,13,D,68068
967,791,68,A,55835
968,744,12,A,49140
969,562,48,D,41480
970,173,82,A,16575
971,769,75,D,57392
972,553,48,D,40868
973,673,21,A,45110
974,532,24,A,36140
975,755,99,B,56364
976,573,45,A,40170
977,779,57,D,56848
978,854,100,A,62010
979,360,70,D,29240
980,782,79,A,55965
981,436,61,D,33796
982,206,75,A,18265
983,810,19,C,55543
984,69,38,C,7169
985,815,64,C,58893
986,662,80,A,48230
987,179,72,A,16315
988,482,54,C,35912
989,391,99,C,32830
990,851,18,A,56485
991,762,14,B,51216
992,232,63,D,20060
993,407,29,B,28776
994,535,12,D,37196
995,677,21,D,47464
996,13,63,B,5016
997,45,79,A,8060
998,739,72,C,54337
999,532,40,D,38896
1000,837,12,C,56883
1001,900,14,D,62152
1002,937,34,A,63115
1003,74,44,A,7670
1004,487,53,C,36180
1005,309,97,C,27202
1006,849,20,A,56485
1007,609,24,C,42411
1008,114,92,D,14008
1009,537,34,A,37115
1010,922,40,A,62530
1011,665,44,D,48212
1012,674,56,C,48910
1013,909,66,B,64350
1014,729,59,B,52008
1015,398,18,B,27456
1016,36,76,B,7392
1017,782,59,C,56347
1018,537,13,B,36300
1019,653,73,C,48642
1020,439,28,B,30822
1021,369,81,B,29700
1022,742,80,A,53430
1023,822,86,B,59928
1024,192,16,D,14144
1025,368,24,B,25872
1026,528,32,B,36960
1027,315,45,B,23760
1028,350,27,C,25259
1029,344,41,D,26180
1030,43,11,A,3510
1031,696,64,A,49400
1032,322,72,B,26004
1033,602,10,D,41616
1034,479,23,B,33132
1035,379,13,A,25480
1036,829,51,A,57200
1037,211,74,B,18810
1038,637,42,C,45493
1039,103,94,A,12805
1040,632,71,D,47804
1041,214,79,D,19924
1042,224,22,C,16482
1043,68,74,D,9656
1044,720,28,C,50116
1045,275,93,C,24656
1046,479,51,C,35510
1047,579,17,B,39336
1048,279,84,B,23958
1049,95,72,B,11022
1050,62,45,C,7169
1051,425,84,B,33594
1052,991,25,A,66040
1053,492,98,C,39530
1054,417,47,D,31552
1055,464,86,D,37400
1056,258,13,A,17615
1057,362,100,D,31416
1058,12,54,C,4422
1059,190,41,C,15477
1060,866,42,D,61744
1061,451,51,D,34136
1062,747,64,A,52715
1063,633,86,A,46735
1064,205,52,C,17219
1065,143,54,A,12805
1066,626,92,D,48824
1067,473,17,A,31850
1068,141,47,D,12784
1069,714,34,B,49368
1070,542,18,C,37520
1071,10,16,D,1768
1072,268,87,C,23785
1073,249,81,B,21780
1074,762,62,B,54384
1075,635,93,C,48776
1076,842,85,B,61182
1077,755,85,A,54600
1078,907,82,D,67252
1079,18,36,D,3672
1080,261,25,D,19448
1081,952,74,B,67716
1082,298,92,D,26520
1083,550,14,D,38352
1084,32,44,A,4940
1085,785,50,C,55945
1086,783,21,A,52260
1087,317,82,D,27132
1088,277,49,C,21842
1089,665,100,A,49725
1090,49,38,A,5655
1091,986,14,B,66000
1092,406,64,D,31960
1093,977,26,A,65195
1094,640,76,B,47256
1095,616,68,C,45828
1096,676,29,B,46530
1097,210,77,C,19229
1098,346,23,D,25092
1099,121,89,A,13650
1100,377,90,C,31289
1101,750,71,A,53365
1102,632,19,B,42966
1103,798,65,C,57821
1104,853,52,B,59730
1105,673,14,B,45342
1106,214,47,C,17487
1107,746,63,A,52585
1108,611,91,B,46332
1109,454,38,C,32964
1110,407,98,C,33835
1111,462,99,C,37587
1112,957,86,B,68838
1113,331,71,C,26934
1114,867,60,A,60255
1115,427,89,D,35088
1116,592,58,B,42900
1117,593,29,D,42296
1118,505,89,A,38610
1119,805,98,A,58695
1120,150,64,B,14124
1121,148,97,D,16660
1122,831,53,D,60112
1123,556,81,A,41405
1124,533,14,A,35555
1125,218,89,A,19955
1126,621,46,C,44689
1127,103,100,B,13398
1128,14,54,A,4420
1129,690,81,D,52428
1130,731,15,B,49236
1131,105,81,A,12090
1132,580,34,B,40524
1133,407,99,B,33396
1134,514,10,A,34060
1135,114,17,B,8646
1136,85,85,D,11560
1137,561,49,B,40260
1138,162,96,B,17028
1139,952,53,C,67335
1140,492,48,B,35640
1141,345,47,A,25480
1142,485,58,A,35295
1143,435,32,D,31756
1144,70,41,A,7215
1145,739,45,C,52528
1146,419,20,B,28974
1147,309,55,C,24388
1148,302,72,D,25432
1149,278,27,B,20130
1150,76,72,D,10064
1151,896,30,B,61116
1152,514,47,A,36465
1153,656,27,A,44395
1154,652,46,B,46068
1155,755,90,C,56615
1156,43,71,B,7524
1157,313,38,D,23868
1158,256,22,B,18348
1159,274,23,A,19305
1160,791,57,A,55120
1161,93,82,C,11725
1162,102,99,A,13065
1163,268,22,A,18850
1164,441,95,A,34840
1165,70,67,D,9316
1166,65,46,B,7326
1167,209,44,C,16951
1168,218,86,D,20672
1169,692,81,B,51018
1170,929,41,B,64020
1171,501,74,B,37950
1172,980,11,B,65406
1173,66,98,B,10824
1174,469,84,D,37604
1175,174,99,A,17745
1176,303,83,A,25090
1177,33,29,A,4030
1178,7,93,D,6800
1179,475,42,C,34639
1180,946,38,C,65928
1181,666,94,D,51680
1182,160,64,C,15008
1183,403,39,A,28730
1184,957,47,A,65260
1185,156,79,A,15275
1186,707,35,A,48230
1187,812,31,C,56481
1188,578,64,B,42372
1189,145,25,A,11050
1190,518,74,D,40256
1191,541,55,C,39932
1192,128,16,C,9648
1193,798,80,A,57070
1194,429,52,C,32227
1195,753,97,A,55250
1196,312,86,C,26666
1197,747,27,B,51084
1198,833,40,C,58491
1199,234,40,A,17810
1200,880,87,B,63822
1201,835,81,D,62288
1202,700,10,C,47570
1203,724,36,A,49400
1204,714,80,A,51610
1205,18,15,D,2244
1206,140,82,C,14874
1207,974,50,B,67584
1208,375,81,B,30096
1209,261,31,D,19856
1210,24,44,C,4556
1211,552,10,B,37092
1212,734,75,A,52585
1213,625,47,D,45696
1214,418,38,B,30096
1215,372,68,A,28600
1216,550,16,C,37922
1217,37,25,D,4216
1218,762,14,D,52768
1219,850,99,C,63583
1220,861,93,A,62010
1221,1000,39,A,67535
1222,645,27,A,43680
1223,904,27,B,61446
1224,70,76,C,9782
1225,618,39,C,44019
1226,763,30,B,52338
1227,900,85,B,65010
1228,812,36,A,55120
1229,561,32,B,39138
1230,949,25,B,64284
1231,739,100,A,54535
1232,806,65,C,58357
1233,95,14,B,7194
1234,402,40,D,30056
1235,646,79,B,47850
1236,181,68,D,16932
1237,221,99,A,20800
1238,496,56,B,36432
1239,59,16,B,4950
1240,120,19,C,9313
1241,564,44,D,41344
1242,679,16,A,45175
1243,871,18,B,58674
1244,757,22,D,52972
1245,434,77,B,33726
1246,233,63,B,19536
1247,909,82,A,64415
1248,32,54,A,5590
1249,384,83,C,31289
1250,255,87,B,22572
1251,654,99,A,48945
1252,493,79,B,37752
1253,914,78,A,64480
1254,184,68,C,16884
1255,596,50,D,43928
1256,527,96,D,42364
1257,895,95,B,65340
1258,576,90,D,45288
1259,112,54,D,11288
1260,222,35,B,16962
1261,39,52,A,5915
1262,677,41,B,47388
1263,915,55,C,64990
1264,17,51,D,4624
1265,577,80,B,43362
1266,414,52,C,31222
1267,712,26,B,48708
1268,433,93,D,35768
1269,528,96,B,41184
1270,269,40,C,20703
1271,701,93,C,53198
1272,678,64,D,50456
1273,637,83,C,48240
1274,320,95,C,27805
1275,780,10,C,52930
1276,601,90,C,46297
1277,249,63,B,20592
1278,148,34,B,12012
1279,726,31,A,49205
1280,321,94,A,26975
1281,294,25,A,20735
1282,494,52,C,36582
1283,942,88,D,70040
1284,612,94,B,46596
1285,470,32,B,33132
1286,729,25,B,49764
1287,599,93,B,45672
1288,290,30,D,21760
1289,752,38,D,53720
1290,52,26,D,5304
1291,174,83,B,16962
1292,112,10,A,7930
1293,524,94,A,40170
1294,95,41,A,8840
1295,923,92,C,68005
1296,883,44,C,62109
1297,488,48,A,34840
1298,918,52,A,63050
1299,839,11,D,57800
1300,259,70,D,22372
1301,930,49,B,64614
1302,992,54,A,67990
1303,757,85,A,54730
1304,472,30,D,34136
1305,507,49,C,37252
1306,913,14,D,63036
1307,693,86,C,52193
1308,107,20,A,8255
1309,547,22,C,38123
1310,995,51,D,71128
1311,352,88,A,28600
1312,211,77,B,19008
1313,676,68,B,49104
1314,689,64,D,51204
1315,449,18,B,30822
1316,673,42,A,46475
1317,684,44,B,48048
1318,413,97,A,33150
1319,674,13,B,45342
1320,768,37,A,52325
1321,832,60,B,58872
1322,957,40,B,65802
1323,491,48,A,35035
1324,115,28,C,9581
1325,610,80,A,44850
1326,118,44,A,10530
1327,931,69,D,68000
1328,75,59,D,9112
1329,571,62,A,41145
1330,886,50,D,63648
1331,111,68,C,11993
1332,625,29,A,42510
1333,987,46,D,70244
1334,317,79,D,26928
1335,399,93,D,33456
1336,166,84,A,16250
1337,664,19,D,46444
1338,263,96,C,24053
1339,286,68,D,24072
1340,366,36,B,26532
1341,993,90,A,70395
1342,42,82,B,8184
1343,472,66,D,36584
1344,161,41,D,13736
1345,418,44,A,30030
1346,717,36,B,49698
1347,277,81,C,23986
1348,379,15,A,25610
1349,385,84,A,30485
1350,183,42,C,15075
1351,212,90,A,19630
1352,673,58,D,49708
1353,514,73,D,39916
1354,182,41,D,15164
1355,711,64,C,51925
1356,4,45,C,3283
1357,190,75,B,17490
1358,520,70,A,38350
1359,244,56,D,20400
1360,550,80,D,42840
1361,206,21,B,14982
1362,545,78,B,41118
1363,803,10,B,53658
1364,229,96,C,21775
1365,463,33,D,33728
1366,592,21,A,39845
1367,294,15,D,21012
1368,787,11,B,52668
1369,288,68,D,24208
1370,896,66,C,64454
1371,286,45,B,21846
1372,526,100,D,42568
1373,832,97,A,60385
1374,355,71,C,28542
1375,818,52,D,59160
1376,555,30,C,39195
1377,182,33,C,14405
1378,402,77,B,31614
1379,656,59,B,47190
1380,474,50,C,35108
1381,463,41,A,32760
1382,997,43,A,67600
1383,798,68,B,57156
1384,875,27,B,59532
1385,593,10,D,41004
1386,444,27,D,32028
1387,737,80,B,53922
1388,610,80,C,46230
1389,12,43,B,3630
1390,406,53,B,30294
1391,202,38,A,15600
1392,523,74,D,40596
1393,275,70,B,22770
1394,92,98,A,12350
1395,644,33,A,44005
1396,91,85,B,11616
1397,743,45,C,52796
1398,59,27,C,5762
1399,411,86,A,32305
1400,309,90,B,26334
1401,844,87,B,61446
1402,409,35,D,30192
1403,97,36,B,8778
1404,951,76,C,68809
1405,269,95,D,24752
1406,388,69,D,31076
1407,163,82,A,15925
1408,530,100,D,42840
1409,949,55,C,67268
1410,215,47,A,17030
1411,693,16,A,46085
1412,752,33,B,51810
1413,620,59,D,46172
1414,178,65,B,16038
1415,678,96,A,50310
1416,947,98,D,71060
1417,567,61,B,41448
1418,936,75,C,67737
1419,293,83,B,24816
1420,595,58,A,42445
1421,639,90,D,49572
1422,620,42,A,43030
1423,520,94,A,39910
1424,721,49,D,52360
1425,281,89,A,24050
1426,462,83,B,35970
1427,527,79,D,41208
1428,954,94,D,71264
1429,443,43,A,31590
1430,910,64,C,65258
1431,497,11,A,33020
1432,104,55,C,10653
1433,959,28,A,64155
1434,440,72,A,33280
1435,147,51,A,12870
1436,812,65,A,57005
1437,604,69,D,45764
1438,320,92,C,27604
1439,82,70,C,10184
1440,708,47,A,49075
1441,790,25,B,53790
1442,564,74,A,41470
1443,242,15,A,16705
1444,373,82,B,30030
1445,36,46,A,5330
1446,175,94,B,17754
1447,273,63,A,21840
1448,612,14,D,42568
1449,356,44,C,26800
1450,375,43,C,28006
1451,587,85,D,45696
1452,321,79,C,26800
1453,219,79,D,20264
1454,620,39,C,44153
1455,18,45,B,4158
1456,406,60,A,30290
1457,861,33,C,59898
1458,475,51,B,34716
1459,79,45,D,8432
1460,714,67,D,53108
1461,241,71,B,20592
1462,223,62,A,18525
1463,107,11,D,8024
1464,581,100,A,44265
1465,562,28,B,38940
1466,199,75,A,17810
1467,827,23,D,57800
1468,567,32,A,38935
1469,76,96,C,11524
1470,432,66,A,32370
1471,588,73,C,44287
1472,580,44,C,41808
1473,561,58,C,41473
1474,699,77,A,50440
1475,1000,85,B,71610
1476,820,53,B,57618
1477,556,11,C,37989
1478,829,56,D,60180
1479,811,96,C,60769
1480,893,53,D,64328
1481,597,38,D,43180
1482,120,28,B,9768
1483,1000,100,A,71500
1484,596,20,D,41888
1485,726,14,C,49580
1486,997,33,A,66950
1487,946,98,D,70992
1488,720,65,B,51810
1489,168,78,C,16482
1490,228,45,A,17745
1491,889,94,D,66844
1492,700,46,D,50728
1493,551,58,D,41412
1494,373,91,A,30160
1495,785,65,C,56950
1496,188,12,B,13200
1497,258,59,A,20605
1498,454,91,D,37060
1499,310,41,A,22815
1500,743,70,C,54471
1501,734,65,B,52734
1502,366,82,C,30016
1503,46,48,D,6392
1504,22,22,C,2948
1505,451,75,C,35242
1506,664,50,A,46410
1507,141,67,A,13520
1508,992,71,B,70158
1509,791,59,B,56100
1510,321,82,B,26598
1511,126,75,C,13467
1512,91,64,B,10230
1513,680,58,C,49446
1514,560,20,D,39440
1515,393,77,D,31960
1516,694,63,D,51476
1517,754,13,C,51389
1518,638,17,D,44540
1519,572,43,B,40590
1520,934,66,A,65000
1521,753,33,B,51876
1522,522,91,B,40458
1523,205,33,C,15946
1524,929,49,A,63570
1525,851,94,D,64260
1526,174,44,D,14824
1527,939,34,B,64218
1528,391,92,D,32844
1529,886,98,D,66912
1530,536,68,A,39260
1531,955,75,C,69010
1532,293,47,B,22440
1533,811,17,D,56304
1534,687,65,C,50384
1535,878,44,B,60852
1536,829,31,C,57620
1537,928,55,B,64878
1538,818,45,B,56958
1539,392,40,B,28512
1540,988,42,D,70040
1541,930,36,B,63756
1542,968,66,A,67210
1543,956,73,B,67914
1544,539,65,B,39864
1545,717,78,B,52470
1546,983,26,C,67603
1547,914,25,A,61035
1548,339,66,D,27540
1549,614,35,C,43483
1550,341,83,A,27560
1551,864,17,C,59027
1552,97,38,C,9045
1553,301,95,A,25740
1554,104,37,D,9588
1555,181,94,A,17875
1556,289,83,C,24924
1557,234,12,D,16728
1558,119,42,C,10787
1559,142,77,C,14673
1560,340,86,C,28542
1561,104,60,B,10824
1562,721,92,B,53658
1563,268,100,D,25024
1564,510,71,D,39508
1565,25,16,B,2706
1566,665,12,D,46036
1567,37,60,A,6305
1568,376,83,B,30294
1569,671,67,A,47970
1570,546,11,C,37319
1571,58,62,B,7920
1572,500,90,C,39530
1573,751,21,B,50952
1574,4,37,C,2747
1575,771,25,D,54128
1576,261,38,A,19435
1577,983,68,D,71468
1578,894,67,A,62465
1579,674,96,C,51590
1580,438,53,A,31915
1581,448,13,C,30887
1582,772,12,D,53312
1583,89,38,D,8636
1584,276,90,C,24522
1585,311,18,B,21714
1586,70,66,D,9248
1587,887,13,B,59400
1588,844,77,D,62628
1589,151,55,D,14008
1590,805,50,C,57285
1591,492,64,C,37252
1592,779,87,A,56290
1593,525,54,B,38214
1594,442,55,C,33299
1595,882,96,D,66504
1596,308,88,B,26136
1597,929,99,C,68876
1598,842,67,D,61812
1599,57,91,A,9620
1600,165,76,B,15906
1601,62,60,C,8174
1602,596,23,D,42092
1603,27,10,B,2442
1604,95,55,C,10050
1605,358,15,A,24245
1606,231,75,B,20196
1607,507,33,B,35640
1608,942,12,C,63918
1609,892,38,C,62310
1610,760,75,A,54275
1611,248,52,B,19800
1612,889,31,B,60720
1613,875,88,C,64521
1614,283,83,C,24522
1615,228,69,B,19602
1616,728,84,B,53592
1617,307,67,D,25432
1618,703,27,A,47450
1619,130,91,C,14807
1620,563,62,B,41250
1621,178,89,D,18156
1622,301,87,A,25220
1623,119,73,D,13056
1624,415,51,C,31222
1625,558,36,C,39798
1626,455,79,B,35244
1627,678,51,C,48843
1628,593,25,B,40788
1629,37,93,B,8580
1630,752,37,D,53652
1631,91,74,D,11220
1632,286,22,C,20636
1633,581,13,A,38610
1634,419,49,C,31356
1635,444,63,C,33969
1636,383,17,C,26800
1637,92,78,A,11050
1638,949,22,A,63115
1639,603,18,D,42228
1640,390,51,C,29547
1641,377,94,A,30615
1642,258,14,C,18224
1643,130,94,C,15008
1644,255,83,C,22646
1645,871,90,A,62465
1646,529,57,A,38090
1647,747,75,D,55896
1648,608,97,B,46530
1649,774,35,D,55012
1650,3,89,A,5980
1651,205,70,D,18700
1652,122,42,A,10660
1653,61,41,A,6630
1654,305,82,A,25155
1655,565,60,C,41875
1656,364,30,B,26004
1657,39,22,A,3965
1658,414,13,B,28182
1659,22,41,A,4095
1660,862,54,A,59540
1661,333,76,A,26585
1662,850,10,B,56760
1663,278,57,B,22110
1664,411,51,C,30954
1665,664,60,C,48508
1666,568,31,B,39534
1667,11,34,A,2925
1668,730,39,A,49985
1669,40,86,D,8568
1670,413,35,C,30016
1671,946,78,D,69632
1672,662,17,D,46172
1673,152,16,A,10920
1674,96,98,A,12610
1675,770,52,B,54252
1676,336,93,D,29172
1677,349,70,D,28492
1678,621,38,D,44812
1679,742,50,A,51480
1680,304,19,A,20995
1681,964,70,C,69278
1682,385,25,B,27060
1683,972,68,A,67600
1684,493,40,C,35711
1685,299,52,C,23517
1686,673,18,D,46988
1687,375,23,C,26666
1688,606,12,C,41406
1689,835,56,A,57915
1690,944,32,A,63440
1691,751,23,D,52632
1692,223,70,D,19924
1693,393,45,D,29784
1694,910,88,C,66866
1695,611,14,B,41250
1696,718,43,B,50226
1697,493,46,D,36652
1698,82,84,C,11122
1699,57,50,D,7276
1700,854,48,C,60434
1701,235,64,A,19435
1702,920,51,C,65057
1703,839,51,D,60520
1704,171,60,C,15477
1705,605,36,C,42947
1706,22,16,C,2546
1707,599,79,D,46104
1708,209,55,B,17424
1709,522,90,C,41004
1710,484,93,A,37505
1711,502,12,B,33924
1712,681,88,A,49985
1713,82,84,D,11288
1714,61,29,B,5940
1715,805,22,A,53755
1716,315,91,C,27202
1717,210,22,A,15080
1718,148,42,D,12920
1719,124,75,A,12935
1720,281,58,D,23052
1721,323,81,B,26664
1722,408,44,B,29832
1723,793,70,A,56095
1724,761,65,B,54516
1725,544,41,C,39195
1726,459,55,D,34952
1727,811,51,A,56030
1728,382,27,D,27812
1729,350,55,A,26325
1730,379,91,B,31020
1731,481,35,D,35088
1732,942,68,A,65650
1733,656,61,A,46605
1734,340,30,A,24050
1735,5,61,B,4356
1736,804,98,C,60434
1737,430,74,B,33264
1738,371,82,B,29898
1739,464,62,C,35242
1740,115,52,D,11356
1741,641,73,B,47124
1742,89,50,C,9313
1743,879,39,B,60588
1744,186,50,A,15340
1745,979,28,A,65455
1746,52,66,B,7788
1747,229,14,A,15795
1748,176,29,D,13940
1749,539,70,D,41412
1750,819,75,D,60792
1751,917,28,C,63315
1752,528,28,A,36140
1753,457,40,A,32305
1754,791,57,C,56816
1755,270,90,B,23760
1756,150,33,A,11895
1757,255,14,A,17485
1758,997,74,D,72828
1759,247,79,C,21842
1760,363,20,C,25661
1761,747,65,D,55216
1762,930,25,A,62075
1763,497,33,A,34450
1764,701,20,C,48307
1765,293,19,B,20592
1766,606,73,B,44814
1767,968,56,D,69632
1768,430,62,B,32472
1769,769,96,C,57955
1770,551,40,C,39597
1771,214,69,D,19244
1772,702,16,B,47388
1773,460,40,D,34000
1774,387,60,D,30396
1775,228,37,D,18020
1776,722,65,A,51155
1777,295,27,A,20930
1778,614,12,D,42568
1779,506,13,A,33735
1780,662,30,C,46364
1781,451,94,D,37060
1782,756,76,D,56576
1783,279,85,D,24752
1784,688,14,A,45630
1785,856,18,B,57684
1786,772,85,B,56562
1787,203,42,D,16660
1788,863,49,C,61104
1789,652,94,B,49236
1790,128,31,D,10812
1791,961,32,B,65538
1792,730,100,A,53950
1793,90,11,A,6565
1794,276,72,A,22620
1795,645,67,A,46280
1796,350,61,D,27948
1797,857,32,D,60452
1798,925,37,C,64454
1799,545,24,B,37554
1800,668,94,A,49530
1801,21,73,A,6110
1802,535,84,C,41473
1803,725,90,C,54605
1804,657,50,D,48076
1805,785,77,C,57754
1806,976,69,C,70015
1807,468,26,C,33098
1808,175,62,D,16116
1809,906,87,D,67524
1810,167,15,C,12194
1811,771,73,B,55704
1812,944,24,B,63888
1813,993,45,C,69546
1814,756,17,B,51018
1815,216,22,A,15470
1816,628,88,B,47256
1817,487,86,C,38391
1818,995,92,B,71742
1819,185,11,A,12740
1820,629,59,B,45408
1821,710,99,C,54203
1822,634,50,C,45828
1823,324,33,D,24276
1824,185,24,A,13585
1825,98,75,B,11418
1826,294,44,D,22984
1827,20,35,B,3630
1828,917,86,B,66198
1829,467,92,A,36335
1830,912,36,A,61620
1831,196,59,A,16575
1832,616,58,D,45832
1833,348,32,C,25460
1834,807,56,C,57821
1835,831,79,A,59150
1836,130,15,D,9860
1837,572,63,C,42545
1838,618,90,B,46728
1839,859,40,B,59334
1840,341,91,A,28080
1841,849,23,B,57552
1842,755,58,D,55284
1843,812,40,B,56232
1844,1000,29,B,67914
1845,997,91,C,72896
1846,479,22,B,33066
1847,507,46,D,37604
1848,564,97,A,42965
1849,775,29,C,53868
1850,940,87,A,66755
1851,491,78,A,36985
1852,261,20,C,18827
1853,501,28,B,34914
1854,103,22,C,8375
1855,781,74,C,57285
1856,138,91,A,14885
1857,368,13,D,25908
1858,847,23,C,58290
1859,758,36,B,52404
1860,207,81,C,19296
1861,582,16,B,39468
1862,518,99,D,41956
1863,479,88,D,38556
1864,172,84,D,17408
1865,838,37,D,59500
1866,177,35,B,13992
1867,282,16,B,19668
1868,240,25,D,18020
1869,313,58,A,24115
1870,224,35,D,17612
1871,725,66,C,52997
1872,529,68,A,38805
1873,410,46,C,30552
1874,493,59,C,36984
1875,498,35,C,35711
1876,616,81,B,46002
1877,947,67,D,68952
1878,218,28,A,15990
1879,782,17,B,52734
1880,444,39,A,31395
1881,825,22,C,56749
1882,128,44,B,11352
1883,167,92,C,17353
1884,542,26,D,38624
1885,474,49,C,35041
1886,654,23,B,44682
1887,611,47,B,43428
1888,484,28,A,33280
1889,391,96,C,32629
1890,868,40,A,59020
1891,450,74,C,35108
1892,568,89,D,44676
1893,363,35,B,26268
1894,567,95,A,43030
1895,918,64,B,64812
1896,57,60,B,7722
1897,552,87,C,42813
1898,979,68,A,68055
1899,684,99,D,53244
1900,816,72,A,57720
1901,247,27,C,18358
1902,386,34,D,28560
1903,966,36,D,68136
1904,509,30,C,36113
1905,236,60,B,19536
1906,196,59,B,16830
1907,736,58,D,53992
1908,105,84,B,12474
1909,285,34,D,21692
1910,138,55,B,12738
1911,12,37,D,3332
1912,84,52,B,8976
1913,932,67,B,65934
1914,923,11,C,62578
1915,395,45,D,29920
1916,148,63,B,13926
1917,577,82,D,44812
1918,329,22,B,23166
1919,120,72,C,12864
1920,283,42,C,21775
1921,923,44,B,63822
1922,878,95,D,66164
1923,400,15,C,27805
1924,859,96,B,63030
1925,944,39,D,66844
1926,639,50,A,44785
1927,659,86,C,49915
1928,808,32,A,54600
1929,31,16,B,3102
1930,673,87,C,50920
1931,519,37,C,37252
1932,423,10,D,29444
1933,995,51,D,71128
1934,35,28,D,4284
1935,630,33,C,44421
1936,717,39,D,51408
1937,272,18,B,19140
1938,733,73,C,54002
1939,171,41,A,13780
1940,572,19,B,39006
1941,887,10,C,60099
1942,668,44,A,46280
1943,900,76,C,65392
1944,487,22,B,33594
1945,200,12,A,13780
1946,963,86,B,69234
1947,842,32,B,57684
1948,289,26,C,21105
1949,817,77,C,59898
1950,696,23,C,48173
1951,817,55,A,56680
1952,496,27,D,35564
1953,35,74,B,7194
1954,721,30,C,50317
1955,19,19,C,2546
1956,500,15,D,35020
1957,601,58,D,44812
1958,287,97,C,25728
1959,228,10,B,15708
1960,906,48,C,63918
1961,961,17,A,63570
1962,435,17,B,29832
1963,525,55,B,38280
1964,996,23,A,66235
1965,115,100,B,14190
1966,300,69,B,24354
1967,896,95,B,65406
1968,638,40,D,46104
1969,36,79,D,7820
1970,520,42,D,38216
1971,483,78,D,38148
1972,113,15,A,8320
1973,658,72,D,49640
1974,313,49,B,23892
1975,65,23,C,5896
1976,674,58,C,49044
1977,851,17,D,59024
1978,130,53,D,12444
1979,421,25,D,30328
1980,378,88,B,30756
1981,343,36,B,25014
1982,145,46,B,12606
1983,10,21,B,2046
1984,550,65,B,40590
1985,656,71,D,49436
1986,901,92,D,67524
1987,157,42,B,13134
1988,369,70,D,29852
1989,296,72,D,25024
1990,288,67,D,24140
1991,468,25,D,33524
1992,373,94,D,31756
1993,8,72,C,5360
1994,615,85,C,46900
1995,239,28,C,17889
1996,849,23,C,58424
1997,454,93,A,35555
1998,397,55,D,30736
1999,913,47,B,63360
2000,840,11,B,56166
2001,121,41,C,10854
2002,954,93,C,70149
2003,552,37,D,40052
2004,166,84,D,17000
2005,401,19,C,28140
2006,789,31,B,54120
2007,807,96,A,58695
2008,264,11,B,18150
2009,123,27,D,10200
2010,511,34,D,37060
2011,853,93,D,64328
2012,237,60,C,19899
2013,875,72,A,61555
2014,490,100,C,39530
2015,923,24,D,64396
2016,902,60,C,64454
2017,830,51,D,59908
2018,747,79,D,56168
2019,935,85,D,69360
2020,646,36,B,45012
2021,784,95,B,58014
2022,895,46,C,63047
2023,80,54,A,8710
2024,831,34,B,57090
2025,947,100,D,71196
2026,707,65,C,51724
2027,802,32,C,55878
2028,932,91,D,69564
2029,708,36,D,50592
2030,872,77,A,61685
2031,878,52,B,61380
2032,804,100,B,59664
2033,403,18,B,27786
2034,592,97,B,45474
2035,232,48,A,18200
2036,322,26,D,23664
2037,583,54,B,42042
2038,493,98,D,40188
2039,583,78,C,44287
2040,554,10,D,38352
2041,427,12,A,28535
2042,239,11,B,16500
2043,814,90,D,61472
2044,190,94,C,19028
2045,436,62,B,32868
2046,808,42,D,57800
2047,320,98,A,27170
2048,164,74,D,16184
2049,133,89,C,14874
2050,152,26,B,11748
2051,186,31,A,14105
2052,193,48,A,15665
2053,391,21,C,27604
2054,67,92,A,10335
2055,787,16,B,52998
2056,412,88,D,34000
2057,35,41,C,5092
2058,367,16,C,25661
2059,1000,31,D,70108
2060,14,41,B,3630
2061,612,73,B,45210
2062,904,32,D,63648
2063,609,66,D,45900
2064,551,49,D,40800
2065,730,81,A,52715
2066,549,33,D,39576
2067,913,18,B,61446
2068,360,68,C,28676
2069,618,31,C,43483
2070,342,20,D,24616
2071,78,62,D,9520
2072,362,39,C,26867
2073,99,54,A,9945
2074,928,39,A,62855
2075,762,62,A,53560
2076,262,54,C,21172
2077,119,69,C,12596
2078,889,25,A,59410
2079,787,45,D,56576
2080,331,29,A,23400
2081,474,76,A,35750
2082,891,79,A,63050
2083,958,55,D,68884
2084,989,46,B,68310
2085,40,41,D,5508
2086,887,89,C,65392
2087,818,90,C,60836
2088,488,51,B,35574
2089,727,100,D,56236
2090,56,52,A,7020
2091,293,11,C,20368
2092,711,73,C,52528
2093,782,96,B,57948
2094,126,62,D,12784
2095,325,100,B,28050
2096,968,47,C,68005
2097,769,98,A,56355
2098,849,71,C,61640
2099,495,24,C,34773
2100,821,95,C,61372
2101,992,91,A,70395
2102,462,35,C,33299
2103,621,26,C,43349
2104,76,19,C,6365
2105,534,50,A,37960
2106,369,65,C,29078
2107,400,29,A,27885
2108,615,57,B,44352
2109,967,35,C,67134
2110,875,83,D,65144
2111,402,71,D,32164
2112,404,54,B,30228
2113,567,65,B,41712
2114,90,72,D,11016
2115,338,22,C,24120
2116,105,20,A,8125
2117,314,69,A,24895
2118,692,60,A,48880
2119,31,63,C,6298
2120,243,30,C,18291
2121,548,78,C,41942
2122,162,10,B,11352
2123,585,60,B,42570
2124,279,51,D,22440
2125,14,29,B,2838
2126,782,51,C,55811
2127,25,29,A,3510
2128,951,21,A,63180
2129,40,90,B,8580
2130,440,56,A,32240
2131,732,28,C,50920
2132,911,52,D,65484
2133,878,66,C,63248
2134,758,28,B,51876
2135,241,68,A,20085
2136,575,68,B,42438
2137,871,35,D,61608
2138,835,50,B,58410
2139,397,72,A,30485
2140,557,91,A,42120
2141,719,64,D,53244
2142,315,91,A,26390
2143,841,42,D,60044
2144,282,72,D,24072
2145,58,17,A,4875
2146,638,68,C,47302
2147,592,32,D,42432
2148,294,95,C,26063
2149,204,14,B,14388
2150,289,26,D,21420
2151,30,20,B,3300
2152,374,73,D,30396
2153,846,72,D,62424
2154,650,14,A,43160
2155,604,31,B,41910
2156,69,90,B,10494
2157,530,67,A,38805
2158,498,74,B,37752
2159,974,79,D,71604
2160,573,63,B,41976
2161,660,35,A,45175
2162,78,91,C,11323
2163,805,56,D,58548
2164,592,25,B,40722
2165,678,66,C,49848
2166,470,61,B,35046
2167,412,33,D,30260
2168,635,48,C,45761
2169,878,97,D,66300
2170,522,90,A,39780
2171,456,73,A,34385
2172,561,62,C,41741
2173,757,41,B,52668
2174,90,27,B,7722
2175,66,48,D,7752
2176,358,91,B,29634
2177,350,25,C,25125
2178,337,55,D,26656
2179,503,85,D,39984
2180,738,91,D,56372
2181,756,80,A,54340
2182,959,81,D,70720
2183,771,76,A,55055
2184,29,21,B,3300
2185,300,71,B,24486
2186,479,29,C,34036
2187,71,14,D,5780
2188,210,47,C,17219
2189,232,89,B,21186
2190,951,19,B,64020
2191,900,48,D,64464
2192,621,42,C,44421
2193,770,12,D,53176
2194,379,52,B,28446
2195,749,88,B,55242
2196,622,71,B,45738
2197,425,73,C,33366
2198,456,81,B,35442
2199,11,73,A,5460
2200,848,71,D,62492
2201,187,44,B,15246
2202,457,95,D,37536
2203,2,72,B,4884
2204,614,25,D,43452
2205,823,37,D,58480
2206,72,42,D,7752
2207,567,62,B,41514
2208,599,14,A,39845
2209,735,35,B,50820
2210,446,51,D,33796
2211,924,44,C,64856
2212,386,33,D,28492
2213,717,12,C,48843
2214,740,12,C,50384
2215,466,71,C,35979
2216,829,61,B,58740
2217,454,20,B,31284
2218,141,76,D,14756
2219,490,22,C,34304
2220,372,87,B,30294
2221,586,21,D,41276
2222,981,48,D,69972
2223,304,39,A,22295
2224,234,44,B,18348
2225,403,28,A,28015
2226,407,94,D,34068
2227,160,20,A,11700
2228,323,62,D,26180
2229,664,88,B,49632
2230,179,51,D,15640
2231,828,40,A,56420
2232,884,54,D,63784
2233,582,89,C,44957
2234,675,74,B,49434
2235,298,35,A,21645
2236,298,100,A,25870
2237,537,67,B,39864
2238,752,33,B,51810
2239,245,37,D,19176
2240,440,96,D,36448
2241,425,97,A,33930
2242,31,51,D,5576
2243,156,82,B,15708
2244,997,59,B,69696
2245,327,92,B,27654
2246,317,70,C,25929
2247,820,20,A,54600
2248,258,37,A,19175
2249,120,48,C,11256
2250,288,77,B,24090
2251,475,98,D,38964
2252,156,61,B,14322
2253,380,10,C,26130
2254,819,30,C,56883
2255,927,38,C,64655
2256,901,84,A,64025
2257,723,31,D,51272
2258,887,32,C,61573
2259,866,74,A,61100
2260,922,69,C,66397
2261,385,88,B,31218
2262,641,52,B,45738
2263,827,73,A,58500
2264,529,91,B,40920
2265,276,14,B,19140
2266,441,61,B,33132
2267,202,91,B,19338
2268,668,43,C,47637
2269,914,81,B,65670
2270,791,34,D,56100
2271,966,23,A,64285
2272,801,37,B,55308
2273,312,61,A,24245
2274,721,37,A,49270
2275,12,88,C,6700
2276,452,76,D,35904
2277,931,62,D,67524
2278,290,72,C,24254
2279,330,28,B,23628
2280,516,58,C,38458
2281,452,55,A,32955
2282,246,54,B,19800
2283,668,36,B,46464
2284,385,67,D,30736
2285,697,31,D,49504
2286,649,79,A,47320
2287,361,58,C,28073
2288,538,97,B,41910
2289,552,55,C,40669
2290,341,62,D,27404
2291,933,15,B,62568
2292,894,94,A,64220
2293,22,60,D,5576
2294,548,16,D,38352
2295,834,79,B,60258
2296,424,12,A,28340
2297,994,53,C,70149
2298,914,51,D,65620
2299,980,12,C,66464
2300,298,65,C,24321
2301,286,41,D,22236
2302,460,99,D,38012
2303,673,34,D,48076
2304,612,31,B,42438
2305,800,70,B,57420
2306,741,46,A,51155
2307,844,93,B,61842
2308,383,48,D,29308
2309,503,36,D,36652
2310,100,24,C,8308
2311,495,77,D,38896
2312,255,25,C,18760
2313,516,68,B,38544
2314,560,48,D,41344
2315,688,98,D,53448
2316,715,75,A,51350
2317,776,91,C,58089
2318,312,61,B,24618
2319,532,19,C,36917
2320,456,80,D,36448
2321,541,91,A,41080
2322,658,83,A,48165
2323,734,43,D,52836
2324,786,25,D,55148
2325,726,32,A,49270
2326,217,97,A,20410
2327,550,24,C,38458
2328,165,58,A,14495
2329,757,26,B,51678
2330,980,67,B,69102
2331,602,62,C,44488
2332,961,82,D,70924
2333,36,21,C,3819
2334,449,50,A,32435
2335,931,72,D,68204
2336,90,21,C,7437
2337,191,89,A,18200
2338,648,54,C,47034
2339,778,59,C,56079
2340,281,23,B,20064
2341,367,33,D,27200
2342,45,51,B,6336
2343,973,56,D,69972
2344,827,32,B,56694
2345,623,66,B,45474
2346,37,74,A,7215
2347,566,31,C,39999
2348,419,49,C,31356
2349,127,75,B,13332
2350,264,79,A,22295
2351,359,66,D,28900
2352,818,91,C,60903
2353,565,86,B,42966
2354,918,84,C,67134
2355,207,53,A,16900
2356,963,41,C,67268
2357,544,18,A,36530
2358,966,46,A,65780
2359,343,86,C,28743
2360,131,17,C,9916
2361,561,41,D,40936
2362,986,56,C,69814
2363,139,100,B,15774
2364,206,75,D,19108
2365,104,34,D,9384
2366,414,75,A,31785
2367,121,12,A,8645
2368,770,55,A,53625
2369,838,92,C,62310
2370,287,83,D,25160
2371,198,96,C,19698
2372,969,58,B,67782
2373,792,44,B,55176
2374,634,15,D,44132
2375,331,20,A,22815
2376,451,95,C,36582
2377,122,47,A,10985
2378,734,87,B,54186
2379,330,90,B,27720
2380,302,62,A,23660
2381,462,77,D,36652
2382,444,43,B,32142
2383,83,60,C,9581
2384,180,47,B,14982
2385,340,45,C,25795
2386,804,29,D,56644
2387,203,13,D,14688
2388,370,56,A,27690
2389,438,61,A,32435
2390,33,82,D,7820
2391,307,62,C,24723
2392,400,47,A,29055
2393,973,56,C,68943
2394,15,55,B,4620
2395,443,25,D,31824
2396,409,31,B,29040
2397,463,82,D,37060
2398,591,69,D,44880
2399,380,77,A,29705
2400,813,78,B,58806
2401,508,83,B,39006
2402,836,16,D,57936
2403,701,70,B,50886
2404,817,82,B,59334
2405,8,95,A,6695
2406,775,72,A,55055
2407,261,36,B,19602
2408,995,83,A,70070
2409,737,37,A,50310
2410,897,28,A,60125
2411,510,36,A,35490
2412,820,93,B,60258
2413,10,78,A,5720
2414,594,82,B,44616
2415,365,14,C,25393
2416,792,29,A,53365
2417,468,33,C,33567
2418,571,77,D,44064
2419,760,77,A,54405
2420,64,95,D,10812
2421,8,98,B,6996
2422,996,83,D,73372
2423,478,28,B,33396
2424,488,19,C,33969
2425,283,86,B,24354
2426,3,32,C,2345
2427,493,98,B,39006
2428,725,52,A,50505
2429,162,50,A,13780
2430,969,87,A,68640
2431,744,26,C,51590
2432,540,58,C,40066
2433,376,32,D,27744
2434,112,17,C,8643
2435,943,91,D,70312
2436,521,66,B,38742
2437,319,24,B,22638
2438,796,23,A,53235
2439,626,24,D,44200
2440,539,81,C,41540
2441,569,50,B,40854
2442,983,63,B,69036
2443,9,52,D,4148
2444,596,13,C,40803
2445,667,53,C,48240
2446,10,10,C,1340
2447,507,18,D,35700
2448,186,81,A,17355
2449,507,17,B,34584
2450,905,59,A,62660
2451,860,55,C,61305
2452,361,56,D,28356
2453,985,58,C,69881
2454,64,83,C,9849
2455,924,28,A,61880
2456,270,38,A,20020
2457,944,38,A,63830
2458,487,24,C,34237
2459,627,66,A,45045
2460,298,53,C,23517
2461,325,90,D,28220
2462,110,35,A,9425
2463,76,100,C,11792
2464,836,22,D,58344
2465,134,87,C,14807
2466,411,74,C,32495
2467,631,93,A,47060
2468,862,88,B,62700
2469,251,81,D,22576
2470,649,89,C,49446
2471,279,38,D,21556
2472,263,100,D,24684
2473,127,70,A,12805
2474,433,76,D,34612
2475,581,76,B,43362
2476,782,59,B,55506
2477,215,24,A,15535
2478,987,13,B,66000
2479,128,45,A,11245
2480,984,47,C,69077
2481,312,15,B,21582
2482,104,94,C,13266
2483,889,76,C,64655
2484,749,61,D,55080
2485,450,56,A,32890
2486,238,14,D,17136
2487,750,32,D,53176
2488,297,68,A,23725
2489,936,28,D,65552
2490,123,33,D,10608
2491,230,85,D,21420
2492,790,71,A,55965
2493,497,27,A,34060
2494,389,74,B,30558
2495,984,51,C,69345
2496,981,79,D,72080
2497,358,60,D,28424
2498,469,71,C,36180
2499,30,80,A,7150
2500,357,10,B,24222
2501,300,37,D,22916
2502,158,17,C,11725
2503,309,58,C,24589
2504,44,86,A,8450
2505,420,38,D,31144
2506,554,12,D,38488
2507,349,28,A,24505
2508,496,58,A,36010
2509,270,26,C,19832
2510,314,59,A,24245
2511,430,51,D,32708
2512,405,62,A,30355
2513,268,99,C,24589
2514,765,13,B,51348
2515,560,92,C,43684
2516,453,44,A,32305
2517,602,17,A,40235
2518,707,87,A,51610
2519,472,43,A,33475
2520,409,68,A,31005
2521,955,15,D,65960
2522,128,33,A,10465
2523,254,47,B,19866
2524,640,46,D,46648
2525,753,70,B,54318
2526,213,51,D,17952
2527,909,48,C,64119
2528,487,13,B,33000
2529,896,19,C,61305
2530,86,21,C,7169
2531,45,13,C,3886
2532,543,22,B,37290
2533,801,31,D,56576
2534,758,43,C,53667
2535,545,32,A,37505
2536,878,45,A,59995
2537,875,71,D,64328
2538,827,98,D,62900
2539,495,42,C,35979
2540,37,31,D,4624
2541,23,30,B,3498
2542,364,43,D,27676
2543,902,18,A,59800
2544,689,26,C,47905
2545,666,64,C,48910
2546,527,20,C,36649
2547,941,64,A,65325
2548,759,59,A,53170
2549,309,42,B,23166
2550,400,57,B,30162
2551,373,13,C,25862
2552,785,76,C,57687
2553,291,18,B,20394
2554,238,44,C,18894
2555,788,88,C,58692
2556,620,77,A,45305
2557,971,38,D,68612
2558,793,65,A,55770
2559,640,55,B,45870
2560,735,54,D,53652
2561,291,25,C,21172
2562,720,11,B,48246
2563,6,42,C,3216
2564,796,100,D,60928
2565,775,65,A,54600
2566,5,39,D,2992
2567,484,80,D,38352
2568,474,41,B,33990
2569,266,99,C,24455
2570,495,54,D,37332
2571,182,81,D,17884
2572,515,21,B,35376
2573,796,36,D,56576
2574,735,82,D,55556
2575,217,89,A,19890
2576,489,38,D,35836
2577,46,46,C,6164
2578,300,56,A,23140
2579,975,16,C,66397
2580,571,55,D,42568
2581,294,20,A,20410
2582,675,72,B,49302
2583,687,13,D,47600
2584,135,34,A,10985
2585,538,63,C,40267
2586,767,71,D,56984
2587,339,43,B,25212
2588,255,14,C,18023
2589,790,65,B,56430
2590,390,34,B,27984
2591,617,54,C,44957
2592,13,18,C,2077
2593,350,63,B,27258
2594,719,78,D,54196
2595,337,64,B,26466
2596,120,35,D,10540
2597,953,52,B,66330
2598,670,59,A,47385
2599,269,37,A,19890
2600,981,24,B,66330
2601,802,30,D,56576
2602,520,42,D,38216
2603,115,33,A,9620
2604,220,65,B,18810
2605,418,19,C,29279
2606,878,84,C,64454
2607,916,30,A,61490
2608,747,31,D,52904
2609,692,25,A,46605
2610,456,42,D,33864
2611,640,73,D,48484
2612,606,52,B,43428
2613,734,86,A,53300
2614,913,37,B,62700
2615,419,28,C,29949
2616,556,72,C,42076
2617,410,24,D,29512
2618,460,13,B,31218
2619,279,71,D,23800
2620,29,43,A,4680
2621,645,49,B,45804
2622,83,32,C,7705
2623,284,81,D,24820
2624,169,75,C,16348
2625,672,69,D,50388
2626,608,17,D,42500
2627,694,20,A,46410
2628,470,31,B,33066
2629,639,67,B,46596
2630,854,95,D,64532
2631,608,44,B,43032
2632,965,97,B,70092
2633,778,93,B,57486
2634,637,65,B,46332
2635,803,32,C,55945
2636,314,68,A,24830
2637,755,46,C,53667
2638,259,26,D,19380
2639,779,19,A,51870
2640,14,85,A,6435
2641,63,65,A,8320
2642,80,62,C,9514
2643,439,92,A,34515
2644,357,93,B,29700
2645,703,21,A,47060
2646,780,84,A,56160
2647,492,77,A,36985
2648,218,89,C,20569
2649,697,45,C,49714
2650,170,15,C,12395
2651,183,13,B,12936
2652,960,30,B,65340
2653,516,53,A,36985
2654,919,20,B,61974
2655,322,96,A,27170
2656,827,15,D,57256
2657,34,53,D,5916
2658,849,39,A,57720
2659,809,25,D,56712
2660,169,40,D,14212
2661,727,28,D,51340
2662,75,45,A,7800
2663,309,18,B,21582
2664,42,50,D,6256
2665,562,63,B,41250
2666,915,36,B,62766
2667,841,13,A,55510
2668,718,41,B,50094
2669,794,49,A,54795
2670,191,51,B,15972
2671,119,65,C,12328
2672,404,45,C,30083
2673,467,81,B,36168
2674,846,16,B,56892
2675,460,46,C,33902
2676,295,33,A,21320
2677,210,27,D,16116
2678,911,31,A,61230
2679,296,20,B,20856
2680,132,13,D,9860
2681,655,80,A,47775
2682,381,30,A,26715
2683,749,23,B,50952
2684,260,70,D,22440
2685,96,60,A,10140
2686,524,77,D,40868
2687,291,47,A,21970
2688,144,75,A,14235
2689,854,92,D,64328
2690,941,17,B,63228
2691,106,60,A,10790
2692,80,79,C,10653
2693,64,36,A,6500
2694,904,15,B,60654
2695,943,70,D,68884
2696,76,71,A,9555
2697,116,29,B,9570
2698,83,41,D,8432
2699,428,60,B,32208
2700,932,48,D,66640
2701,223,72,C,19765
2702,466,16,A,31330
2703,435,22,A,29705
2704,627,26,C,43751
2705,25,40,D,4420
2706,413,61,B,31284
2707,914,20,D,63512
2708,686,20,C,47302
2709,493,100,B,39138
2710,725,38,C,51121
2711,362,91,D,30804
2712,302,36,D,22984
2713,634,92,A,47190
2714,114,24,C,9246
2715,602,62,C,44488
2716,388,97,D,32980
2717,926,69,C,66665
2718,152,86,C,15946
2719,327,27,D,24072
2720,526,22,A,35620
2721,408,42,C,30150
2722,233,55,B,19008
2723,925,94,B,67254
2724,524,24,B,36168
2725,114,19,D,9044
2726,199,83,D,19176
2727,205,36,C,16147
2728,442,94,C,35912
2729,363,32,D,26860
2730,390,20,D,27880
2731,847,24,C,58357
2732,644,92,D,50048
2733,398,50,D,30464
2734,538,80,D,42024
2735,211,69,B,18480
2736,242,57,C,20033
2737,659,21,C,45560
2738,878,28,C,60702
2739,70,94,C,10988
2740,625,42,A,43355
2741,972,87,C,70953
2742,111,31,D,9656
2743,381,72,B,29898
2744,517,24,D,36788
2745,108,75,C,12261
2746,46,79,B,8250
2747,230,56,B,18876
2748,906,81,B,65142
2749,225,66,D,19788
2750,91,19,D,7480
2751,573,47,D,42160
2752,731,88,B,54054
2753,559,48,D,41276
2754,630,81,A,46215
2755,103,34,A,8905
2756,404,99,B,33198
2757,964,63,C,68809
2758,377,91,B,30888
2759,18,48,B,4356
2760,314,28,C,22914
2761,977,22,B,65934
2762,791,27,A,53170
2763,323,22,A,22425
2764,910,49,A,62335
2765,388,31,B,27654
2766,990,93,C,72561
2767,82,54,D,9248
2768,140,38,C,11926
2769,600,75,B,44550
2770,315,19,D,22712
2771,769,48,A,53105
2772,880,14,C,59898
2773,872,18,B,58740
2774,28,95,A,7995
2775,361,96,A,29705
2776,696,70,D,52088
2777,938,71,B,66594
2778,104,38,C,9514
2779,293,67,A,23400
2780,531,79,B,40260
2781,42,79,A,7865
2782,535,99,B,41844
2783,47,48,C,6365
2784,621,40,B,43626
2785,480,69,B,36234
2786,194,44,B,15708
2787,784,15,A,51935
2788,703,69,B,50952
2789,274,77,B,23166
2790,381,92,A,30745
2791,40,74,D,7752
2792,893,95,B,65208
2793,178,96,B,18084
2794,684,69,C,50451
2795,395,67,B,30492
2796,736,62,B,52668
2797,531,90,A,40365
2798,508,54,D,38216
2799,881,55,A,60840
2800,63,56,A,7735
2801,75,47,D,8296
2802,297,91,C,25996
2803,48,30,D,5304
2804,807,15,B,54252
2805,863,81,A,61360
2806,736,19,C,50585
2807,452,37,C,32763
2808,585,52,D,43316
2809,547,64,C,40937
2810,72,64,D,9248
2811,85,76,B,10626
2812,112,24,B,8976
2813,446,44,C,32830
2814,20,75,C,6365
2815,476,41,D,35156
2816,446,17,A,30095
2817,693,91,B,51744
2818,841,49,B,58740
2819,931,57,D,67184
2820,160,20,A,11700
2821,807,49,A,55640
2822,16,65,A,5265
2823,175,35,A,13650
2824,551,72,A,40495
2825,57,58,C,7705
2826,684,57,B,48906
2827,258,71,D,22372
2828,184,33,C,14539
2829,902,30,C,62444
2830,656,51,B,46662
2831,890,92,C,65794
2832,720,14,B,48444
2833,643,84,C,48709
2834,370,71,A,28665
2835,554,51,C,40535
2836,578,83,C,44287
2837,472,72,A,35360
2838,338,37,A,24375
2839,64,22,D,5848
2840,95,24,A,7735
2841,211,11,C,14874
2842,840,75,C,61305
2843,530,78,D,41344
2844,204,68,B,17952
2845,982,20,B,66132
2846,242,45,D,19516
2847,4,57,B,4026
2848,513,14,B,34782
2849,842,43,B,58410
2850,471,72,B,35838
2851,875,80,D,64940
2852,760,89,C,56883
2853,254,95,D,23732
2854,587,96,D,46444
2855,112,50,C,10854
2856,272,95,B,24222
2857,306,19,A,21125
2858,639,25,D,45152
2859,774,46,B,54120
2860,601,16,C,41339
2861,32,75,A,6955
2862,175,65,C,16080
2863,103,61,A,10660
2864,365,48,D,28084
2865,512,64,B,38016
2866,353,84,C,29279
2867,807,18,B,54450
2868,981,68,C,70283
2869,502,77,D,39372
2870,401,81,B,31812
2871,485,50,B,35310
2872,792,15,B,53262
2873,689,52,D,50388
2874,782,29,C,54337
2875,185,37,B,14652
2876,637,16,D,44404
2877,836,33,D,59092
2878,85,16,D,6868
2879,83,68,C,10117
2880,823,14,A,54405
2881,801,85,A,57590
2882,547,95,B,42372
2883,427,26,D,30804
2884,474,93,C,37989
2885,35,84,C,7973
2886,388,46,A,28210
2887,4,80,C,5628
2888,715,69,C,52528
2889,790,88,A,57070
2890,428,86,B,33924
2891,212,31,D,16524
2892,414,61,A,30875
2893,296,77,D,25364
2894,420,30,D,30600
2895,834,79,A,59345
2896,419,53,C,31624
2897,641,89,B,48180
2898,796,30,D,56168
2899,988,26,B,66924
2900,104,74,B,11748
2901,978,60,C,69546
2902,836,43,D,59772
2903,706,21,C,48709
2904,763,54,D,55556
2905,948,80,C,68876
2906,870,59,A,60385
2907,127,30,C,10519
2908,762,50,A,52780
2909,466,47,A,33345
2910,582,64,D,43928
2911,32,66,B,6468
2912,574,84,A,42770
2913,476,21,A,32305
2914,306,18,A,21060
2915,897,27,A,60060
2916,121,30,B,9966
2917,610,32,C,43014
2918,814,61,A,56875
2919,393,46,A,28535
2920,216,89,D,20740
2921,117,28,B,9570
2922,628,23,A,42315
2923,173,45,D,14824
2924,233,61,A,19110
2925,310,57,A,23855
2926,142,49,D,12988
2927,396,60,C,30552
2928,65,74,A,9035
2929,913,100,B,66858
2930,287,68,B,23430
2931,531,32,B,37158
2932,997,85,D,73576
2933,367,70,C,29279
2934,682,54,D,50048
2935,175,75,D,17000
2936,537,12,D,37332
2937,958,77,C,69345
2938,84,19,B,6798
2939,394,15,C,27403
2940,785,94,C,58893
2941,184,93,A,18005
2942,192,79,C,18157
2943,673,38,A,46215
2944,516,25,B,35706
2945,876,74,D,64600
2946,460,13,D,32164
2947,205,86,C,19497
2948,170,66,D,16048
2949,738,35,D,52564
2950,155,22,A,11505
2951,47,97,C,9648
2952,844,16,C,57620
2953,309,38,B,22902
2954,594,72,B,43956
2955,84,84,D,11424
2956,241,46,D,19516
2957,197,59,D,17408
2958,144,50,B,12804
2959,215,23,B,15708
2960,753,98,C,57017
2961,983,21,D,68272
2962,617,85,C,47034
2963,451,29,B,31680
2964,257,100,D,24276
2965,636,10,B,42636
2966,704,85,B,52074
2967,766,63,A,53885
2968,789,24,A,52845
2969,825,84,D,61812
2970,753,17,B,50820
2971,565,51,D,41888
2972,810,64,B,57684
2973,645,48,A,45045
2974,614,85,A,45435
2975,964,19,D,66844
2976,683,40,D,49164
2977,87,12,A,6435
2978,153,71,C,15008
2979,30,56,C,5762
2980,706,23,B,48114
2981,598,67,A,43225
2982,834,96,B,61380
2983,808,50,D,58344
2984,953,52,C,67335
2985,243,73,A,20540
2986,302,31,A,21645
2987,576,29,A,39325
2988,327,28,A,23075
2989,79,76,B,10230
2990,957,71,D,69904
2991,342,85,C,28609
2992,413,67,C,32160
2993,282,74,C,23852
2994,291,64,B,23430
2995,309,86,D,26860
2996,91,33,B,8184
2997,95,43,A,8970
2998,845,66,C,61037
2999,786,19,B,53130
3000,798,76,B,57684
3001,550,19,A,36985
3002,209,55,B,17424
3003,572,67,B,42174
3004,492,29,C,34907
3005,79,82,B,10626
3006,827,58,C,59295
3007,445,68,C,34371
3008,934,78,D,68816
3009,893,73,A,62790
3010,976,70,A,67990
3011,655,87,A,48230
3012,457,46,D,34204
3013,16,81,B,6402
3014,722,53,D,52700
3015,207,23,C,15410
3016,51,60,A,7215
3017,801,53,D,58072
3018,752,95,D,57596
3019,23,93,A,7540
3020,786,43,A,53885
3021,293,78,C,24857
3022,418,14,C,28944
3023,123,42,D,11220
3024,77,81,A,10270
3025,230,28,D,17544
3026,145,52,C,13199
3027,392,44,B,28776
3028,620,80,A,45500
3029,52,35,A,5655
3030,864,94,C,64186
3031,598,35,A,41145
3032,696,54,D,51000
3033,669,46,D,48620
3034,3,27,C,2010
3035,67,83,A,9750
3036,227,44,D,18428
3037,168,61,A,14885
3038,788,53,D,57188
3039,288,52,D,23120
3040,416,28,D,30192
3041,305,80,B,25410
3042,490,18,D,34544
3043,123,78,D,13668
3044,323,79,B,26532
3045,886,96,B,64812
3046,740,29,A,49985
3047,201,80,C,18827
3048,991,50,B,68706
3049,980,85,B,70290
3050,921,88,A,65585
3051,621,44,B,43890
3052,94,80,B,11484
3053,883,81,A,62660
3054,86,14,D,6800
3055,76,69,C,9715
3056,864,28,C,59764
3057,498,60,C,37386
3058,649,65,D,48552
3059,601,57,B,43428
3060,653,24,A,44005
3061,608,89,B,46002
3062,660,47,B,46662
3063,561,85,B,42636
3064,419,33,D,30736
3065,424,37,A,29965
3066,10,12,C,1474
3067,276,18,B,19404
3068,298,63,B,23826
3069,591,85,D,45968
3070,774,57,B,54846
3071,582,70,A,42380
3072,868,87,A,62075
3073,134,73,A,13455
3074,27,98,C,8375
3075,836,97,C,62511
3076,981,65,D,71128
3077,854,19,D,59364
3078,372,60,C,28944
3079,67,76,A,9295
3080,459,93,B,36432
3081,220,14,C,15678
3082,873,84,D,65076
3083,671,86,D,51476
3084,416,90,B,33396
3085,438,30,D,31824
3086,368,74,A,28730
3087,453,76,C,35443
3088,951,44,D,67660
3089,226,13,C,16013
3090,378,40,A,27170
3091,102,48,C,10050
3092,306,64,B,24420
3093,655,13,C,44756
3094,280,86,A,23790
3095,126,11,C,9179
3096,81,43,C,8308
3097,487,70,D,37876
3098,573,98,D,45628
3099,245,14,D,17612
3100,442,78,C,34840
3101,528,93,A,40365
3102,814,33,B,55902
3103,507,32,C,36113
3104,823,64,A,57655
3105,926,92,A,66170
3106,185,86,C,18157
3107,147,93,A,15600
3108,218,62,A,18200
3109,391,43,A,28210
3110,875,79,B,62964
3111,590,47,B,42042
3112,770,51,C,55007
3113,459,40,A,32435
3114,763,71,A,54210
3115,652,68,A,46800
3116,707,78,B,51810
3117,931,73,B,66264
3118,515,49,D,38352
3119,210,57,B,17622
3120,773,66,A,54535
3121,464,86,C,36850
3122,512,46,C,37386
3123,87,79,D,11288
3124,167,67,A,15210
3125,436,100,D,36448
3126,741,76,C,54739
3127,182,52,A,15210
3128,803,19,D,55896
3129,840,46,A,57590
3130,816,73,D,60452
3131,701,58,A,49335
3132,230,26,A,16640
3133,886,32,A,59670
3134,575,46,A,40365
3135,840,35,A,56875
3136,343,59,A,26130
3137,286,87,A,24245
3138,764,59,D,55964
3139,218,40,A,16770
3140,89,89,B,11748
3141,92,76,D,11424
3142,431,65,B,32736
3143,381,56,A,28405
3144,24,26,D,3400
3145,999,93,D,74256
3146,271,74,B,22770
3147,523,87,A,39650
3148,901,18,B,60654
3149,781,57,C,56146
3150,264,26,A,18850
3151,890,91,B,64746
3152,328,84,C,27604
3153,579,19,A,38870
3154,165,70,B,15510
3155,813,58,A,56615
3156,466,38,C,33768
3157,328,85,B,27258
3158,324,50,C,25058
3159,164,10,D,11832
3160,243,100,D,23324
3161,551,39,D,40120
3162,975,53,C,68876
3163,429,89,A,33670
3164,393,33,D,28968
3165,715,95,A,52650
3166,34,22,D,3808
3167,937,10,A,61555
3168,819,71,C,59630
3169,494,21,A,33475
3170,908,78,C,66062
3171,579,90,B,44154
3172,262,76,A,21970
3173,246,42,A,18720
3174,783,11,C,53198
3175,610,63,A,43745
3176,839,96,A,60775
3177,243,56,A,19435
3178,534,52,B,38676
3179,996,57,C,70551
3180,975,75,A,68250
3181,477,40,D,35156
3182,755,83,A,54470
3183,4,92,A,6240
3184,52,89,D,9588
3185,295,73,D,25024
3186,128,46,A,11310
3187,881,69,A,61750
3188,287,10,B,19602
3189,445,28,C,31691
3190,520,43,D,38284
3191,915,97,D,68816
3192,871,41,B,60192
3193,590,85,B,44550
3194,443,90,C,35711
3195,657,57,C,47838
3196,851,90,D,63988
3197,610,20,D,42840
3198,494,38,B,35112
3199,878,42,C,61640
3200,949,32,B,64746
3201,852,44,B,59136
3202,272,64,C,22512
3203,14,80,A,6110
3204,659,18,B,44682
3205,763,60,C,55141
3206,946,51,C,66799
3207,743,23,A,49790
3208,330,40,C,24790
3209,267,36,B,19998
3210,414,99,D,34884
3211,662,32,A,45110
3212,115,68,B,12078
3213,976,38,D,68952
3214,210,41,B,16566
3215,266,97,B,23958
3216,615,36,D,44268
3217,147,53,D,13600
3218,671,67,B,48708
3219,429,14,B,29238
3220,656,84,C,49580
3221,251,48,C,20033
3222,88,49,C,9179
3223,347,52,D,27132
3224,59,57,A,7540
3225,979,47,A,66690
3226,449,41,B,32340
3227,637,60,D,47396
3228,52,55,B,7062
3229,791,83,C,58558
3230,27,47,D,5032
3231,209,18,B,14982
3232,519,75,B,39204
3233,34,87,D,8228
3234,376,29,D,27540
3235,121,54,A,11375
3236,110,85,A,12675
3237,451,44,B,32670
3238,423,47,D,31960
3239,486,61,A,35555
3240,1,58,B,3894
3241,53,96,B,9834
3242,486,23,B,33594
3243,389,54,C,29681
3244,931,62,C,66531
3245,537,88,D,42500
3246,216,84,A,19500
3247,24,20,C,2948
3248,711,60,D,52428
3249,724,14,B,48708
3250,990,37,C,68809
3251,675,75,C,50250
3252,656,27,C,45761
3253,403,81,A,31460
3254,411,48,D,31212
3255,841,38,A,57135
3256,435,94,B,34914
3257,346,97,C,29681
3258,15,51,B,4356
3259,490,16,A,32890
3260,251,12,D,17884
3261,638,90,A,47320
3262,111,41,B,10032
3263,200,18,D,14824
3264,708,34,A,48230
3265,814,78,C,59764
3266,881,41,D,62696
3267,314,20,C,22378
3268,511,85,A,38740
3269,286,50,C,22512
3270,346,51,C,26599
3271,118,44,A,10530
3272,374,92,C,31222
3273,773,90,B,56958
3274,133,51,D,12512
3275,867,35,A,58630
3276,362,97,A,29835
3277,125,90,D,14620
3278,885,19,C,60568
3279,842,64,A,58890
3280,614,79,D,47124
3281,530,14,C,36448
3282,736,29,D,52020
3283,293,62,C,23785
3284,873,31,A,58760
3285,188,45,D,15844
3286,255,23,D,18904
3287,808,38,C,56682
3288,915,62,A,63505
3289,471,36,D,34476
3290,446,76,C,34974
3291,927,65,A,64480
3292,557,21,B,38148
3293,641,95,C,49312
3294,227,86,D,21284
3295,998,24,A,66430
3296,870,40,D,61880
3297,586,36,C,41674
3298,712,23,D,49980
3299,469,77,C,36582
3300,795,78,D,59364
3301,231,34,D,18020
3302,896,64,D,65280
3303,575,91,B,43956
3304,634,79,C,47771
3305,911,10,A,59865
3306,202,81,C,18961
3307,926,22,C,63516
3308,30,40,A,4550
3309,6,94,A,6500
3310,411,17,C,28676
3311,264,38,B,19932
3312,533,64,D,40596
3313,543,19,D,38216
3314,379,20,B,26334
3315,152,59,A,13715
3316,484,74,C,37386
3317,563,80,C,43081
3318,650,82,D,49776
3319,34,93,C,8509
3320,506,96,B,39732
3321,863,41,D,61472
3322,567,19,A,38090
3323,205,34,D,16252
3324,49,95,D,9792
3325,882,80,B,63492
3326,739,11,C,50250
3327,71,21,C,6164
3328,584,28,B,40392
3329,798,83,B,58146
3330,756,17,B,51018
3331,153,27,A,11700
3332,368,38,C,27202
3333,926,13,B,61974
3334,369,79,B,29568
3335,904,28,D,63376
3336,568,36,A,39260
3337,132,85,A,14105
3338,93,67,A,10400
3339,424,46,C,31490
3340,586,34,A,40300
3341,661,84,B,49170
3342,683,90,A,50245
3343,554,39,D,40324
3344,662,37,B,46134
3345,710,55,D,52020
3346,892,56,D,64464
3347,197,66,A,17095
3348,73,23,A,6240
3349,634,47,B,44946
3350,15,38,D,3604
3351,620,81,C,46967
3352,794,41,B,55110
3353,343,64,D,27676
3354,385,60,C,29815
3355,633,14,C,43349
3356,58,12,B,4620
3357,1,82,C,5561
3358,687,99,A,51090
3359,465,75,B,35640
3360,4,22,D,1768
3361,672,65,D,50116
3362,145,54,B,13134
3363,505,37,B,35772
3364,125,16,A,9165
3365,478,81,C,37453
3366,70,68,A,8970
3367,627,71,C,46766
3368,14,72,C,5762
3369,161,50,C,14137
3370,235,48,A,18395
3371,537,23,B,36960
3372,320,25,A,22425
3373,116,94,B,13860
3374,559,46,D,41140
3375,675,35,C,47570
3376,968,45,D,68884
3377,806,21,B,54582
3378,408,81,B,32274
3379,886,26,A,59280
3380,399,57,B,30096
3381,903,91,C,66598
3382,290,83,C,24991
3383,793,77,D,59160
3384,59,53,B,7392
3385,379,81,D,31280
3386,553,72,C,41875
3387,477,32,C,34103
3388,303,37,C,22780
3389,946,30,A,63440
3390,778,66,C,56548
3391,385,49,D,29512
3392,78,68,C,9782
3393,549,96,D,43860
3394,311,71,C,25594
3395,951,92,D,70924
3396,193,59,D,17136
3397,638,60,B,46068
3398,713,45,C,50786
3399,351,87,C,29346
3400,51,19,B,4620
3401,590,92,A,44330
3402,655,60,B,47190
3403,947,12,A,62335
3404,176,51,A,14755
3405,69,85,D,10472
3406,218,59,A,18005
3407,522,18,C,36180
3408,307,31,D,22984
3409,736,30,A,49790
3410,605,96,A,45565
3411,945,56,A,65065
3412,120,47,B,11022
3413,663,59,B,47652
3414,611,48,D,44812
3415,205,93,B,19668
3416,73,41,C,7638
3417,284,87,D,25228
3418,170,81,D,17068
3419,952,39,B,65406
3420,263,63,A,21190
3421,31,68,D,6732
3422,557,52,C,40803
3423,513,54,B,37422
3424,191,71,B,17292
3425,613,91,D,47872
3426,73,24,C,6499
3427,81,28,D,7412
3428,848,49,B,59202
3429,981,16,C,66799
3430,462,85,A,35555
3431,685,37,C,48374
3432,117,35,B,10032
3433,221,74,C,19765
3434,58,42,A,6500
3435,422,80,A,32630
3436,744,60,C,53868
3437,257,56,C,20971
3438,743,41,C,52528
3439,513,75,C,39396
3440,719,47,C,51322
3441,486,40,B,34716
3442,311,40,B,23166
3443,860,19,B,58014
3444,81,46,D,8636
3445,341,74,B,27390
3446,906,69,D,66300
3447,846,17,D,58684
3448,84,50,A,8710
3449,140,81,D,15028
3450,90,10,D,6800
3451,360,98,C,30686
3452,71,10,B,5346
3453,644,95,C,49513
3454,361,26,B,25542
3455,574,77,B,42966
3456,591,52,B,42438
3457,809,10,C,54873
3458,913,69,B,64812
3459,962,52,D,68952
3460,166,47,B,14058
3461,477,49,A,34190
3462,748,34,D,53176
3463,649,38,D,46716
3464,136,16,A,9880
3465,150,53,C,13601
3466,822,44,A,56290
3467,268,39,D,20876
3468,63,72,A,8775
3469,867,84,A,61815
3470,355,22,D,25636
3471,357,37,D,26792
3472,537,27,D,38352
3473,66,39,C,7035
3474,628,68,D,47328
3475,600,70,D,45560
3476,25,84,A,7085
3477,948,27,A,63375
3478,712,32,B,49104
3479,158,30,B,12408
3480,345,49,B,26004
3481,419,36,A,29575
3482,719,87,D,54808
3483,603,96,B,46134
3484,515,84,A,38935
3485,399,46,D,30260
3486,21,81,A,6630
3487,834,68,A,58630
3488,448,87,B,35310
3489,444,56,C,33500
3490,963,43,A,65390
3491,982,83,D,72420
3492,620,42,D,45016
3493,421,15,D,29648
3494,555,20,D,39100
3495,679,44,B,47718
3496,639,59,A,45370
3497,331,76,C,27269
3498,923,97,A,66300
3499,762,77,D,57052
3500,175,87,A,17030
3501,944,65,D,68612
3502,201,37,A,15470
3503,548,55,D,41004
3504,705,20,D,49300
3505,578,70,D,44064
3506,42,89,D,8908
3507,76,67,C,9581
3508,720,63,D,53244
3509,253,15,B,17688
3510,564,83,A,42055
3511,472,47,D,35292
3512,640,90,C,48910
3513,228,49,A,18005
3514,337,27,D,24752
3515,53,56,B,7194
3516,333,29,B,23892
3517,759,75,B,55044
3518,341,37,A,24570
3519,107,26,A,8645
3520,486,33,B,34254
3521,737,72,C,54203
3522,563,95,A,42770
3523,666,86,C,50384
3524,772,34,A,52390
3525,746,64,B,53460
3526,220,20,A,15600
3527,232,69,A,19565
3528,119,89,D,14144
3529,738,18,D,51408
3530,500,52,B,36432
3531,877,76,D,64804
3532,807,62,B,57354
3533,566,58,B,41184
3534,149,54,B,13398
3535,8,56,C,4288
3536,263,81,A,22360
3537,578,27,D,41140
3538,62,87,C,9983
3539,559,18,A,37505
3540,468,38,A,32890
3541,13,19,D,2176
3542,299,25,A,21060
3543,749,38,A,51155
3544,994,61,B,69630
3545,529,91,C,41540
3546,435,19,B,29964
3547,544,85,D,42772
3548,1,61,A,4030
3549,106,33,C,9313
3550,960,50,D,68680
3551,505,46,C,36917
3552,951,89,B,68640
3553,703,53,B,49896
3554,762,35,D,54196
3555,366,28,C,26398
3556,261,21,A,18330
3557,93,52,B,9570
3558,469,86,B,36630
3559,128,31,B,10494
3560,106,13,C,7973
3561,489,12,C,33567
3562,651,71,A,46930
3563,131,34,D,11220
3564,795,65,A,55900
3565,843,65,C,60836
3566,866,41,B,59862
3567,72,43,A,7475
3568,579,24,D,41004
3569,472,94,C,37922
3570,810,69,C,58893
3571,424,34,A,29770
3572,744,13,A,49205
3573,480,55,A,34775
3574,739,98,B,55242
3575,487,55,A,35230
3576,84,69,D,10404
3577,659,15,A,43810
3578,970,78,C,70216
3579,596,19,C,41205
3580,615,81,D,47328
3581,111,61,C,11524
3582,649,77,D,49368
3583,182,24,A,13390
3584,749,35,A,50960
3585,279,14,A,19045
3586,737,86,B,54318
3587,194,40,A,15210
3588,394,87,B,31746
3589,602,17,A,40235
3590,530,38,A,36920
3591,170,99,A,17485
3592,360,84,A,28860
3593,559,17,C,38592
3594,193,23,D,14688
3595,939,98,C,69479
3596,482,98,B,38280
3597,654,30,B,45144
3598,575,31,B,39996
3599,406,48,B,29964
3600,136,78,D,14552
3601,819,46,B,57090
3602,396,45,C,29547
3603,377,55,B,28512
3604,420,72,D,33456
3605,505,68,D,38964
3606,754,41,D,54060
3607,378,61,C,29413
3608,520,55,C,38525
3609,418,91,A,33085
3610,714,41,C,50585
3611,641,77,B,47388
3612,846,46,B,58872
3613,336,32,C,24656
3614,837,88,B,61050
3615,486,43,A,34385
3616,19,35,B,3564
3617,762,99,C,57687
3618,74,48,B,8052
3619,527,29,D,37808
3620,604,94,A,45370
3621,779,60,D,57052
3622,363,36,C,26733
3623,363,49,B,27192
3624,134,92,C,15142
3625,216,64,B,18480
3626,315,67,C,25594
3627,812,72,A,57460
3628,526,71,C,39999
3629,715,84,B,52734
3630,125,56,C,12127
3631,249,74,A,20995
3632,708,59,A,49855
3633,284,62,D,23528
3634,470,97,B,37422
3635,482,30,B,33792
3636,142,55,C,13199
3637,145,60,C,13735
3638,959,83,C,69814
3639,536,56,D,40256
3640,425,77,C,33634
3641,152,75,D,15436
3642,742,53,B,52470
3643,245,51,B,19536
3644,105,100,C,13735
3645,427,68,A,32175
3646,255,10,B,17490
3647,546,13,C,37453
3648,912,100,D,68816
3649,314,64,D,25704
3650,17,95,C,7504
3651,231,98,A,21385
3652,627,85,C,47704
3653,360,93,B,29898
3654,938,58,C,66732
3655,500,93,D,40324
3656,605,32,A,41405
3657,281,67,B,22968
3658,13,17,A,1950
3659,478,63,D,36788
3660,956,35,B,65406
3661,945,61,A,65390
3662,854,24,A,57070
3663,589,38,D,42636
3664,504,49,C,37051
3665,860,69,C,62243
3666,954,26,C,65660
3667,906,78,D,66912
3668,622,74,C,46632
3669,326,80,D,27608
3670,944,49,B,65538
3671,264,17,D,19108
3672,684,25,C,47503
3673,646,47,A,45045
3674,143,49,C,12864
3675,720,63,B,51678
3676,984,81,B,70290
3677,512,24,B,35376
3678,284,23,C,20569
3679,742,64,C,54002
3680,820,38,B,56628
3681,987,68,A,68575
3682,485,66,D,37468
3683,360,93,D,30804
3684,654,35,D,46852
3685,359,33,C,26264
3686,643,48,B,45606
3687,250,17,D,18156
3688,462,90,A,35880
3689,526,96,A,40430
3690,723,18,A,48165
3691,430,89,A,33735
3692,378,70,A,29120
3693,722,15,C,49379
3694,319,77,A,25740
3695,903,60,C,64521
3696,245,49,B,19404
3697,974,19,B,65538
3698,834,24,A,55770
3699,738,47,D,53380
3700,435,37,D,32096
3701,836,26,D,58616
3702,401,62,C,31021
3703,459,65,B,34584
3704,205,37,C,16214
3705,912,22,C,62578
3706,356,78,B,28644
3707,9,15,A,1560
3708,189,43,D,15776
3709,343,99,C,29614
3710,695,49,C,49848
3711,254,76,A,21450
3712,811,65,B,57816
3713,522,37,C,37453
3714,767,31,B,52668
3715,768,73,C,56347
3716,152,90,B,15972
3717,763,33,C,53332
3718,604,17,B,40986
3719,754,98,C,57084
3720,324,24,A,22620
3721,783,12,A,51675
3722,485,54,D,36652
3723,816,11,B,54582
3724,867,79,D,64328
3725,845,40,B,58410
3726,528,17,D,37060
3727,392,77,B,30954
3728,909,69,C,65526
3729,771,61,D,56576
3730,200,56,D,17408
3731,296,64,C,24120
3732,558,70,B,41448
3733,804,46,A,55250
3734,382,100,C,32294
3735,710,53,B,50358
3736,539,41,C,38860
3737,334,87,C,28207
3738,936,68,D,68272
3739,629,89,B,47388
3740,13,86,D,6732
3741,10,13,D,1564
3742,324,89,A,26845
3743,297,28,D,22100
3744,806,69,B,57750
3745,991,53,C,69948
3746,377,62,B,28974
3747,360,100,D,31280
3748,48,14,B,4092
3749,537,33,A,37050
3750,665,90,C,50585
3751,22,16,C,2546
3752,196,50,C,16482
3753,707,50,B,49962
3754,632,73,A,45825
3755,353,59,C,27604
3756,865,34,A,58435
3757,295,10,D,20740
3758,936,63,A,64935
3759,347,93,B,29040
3760,765,100,B,57090
3761,366,79,D,30260
3762,702,76,A,50570
3763,707,34,C,49647
3764,668,16,B,45144
3765,736,36,B,50952
3766,742,95,C,56079
3767,489,73,B,37092
3768,965,11,C,65392
3769,968,67,B,68310
3770,724,82,B,53196
3771,369,43,D,28016
3772,300,29,B,21714
3773,812,16,D,56304
3774,660,81,B,48906
3775,611,47,B,43428
3776,432,50,B,31812
3777,1,26,D,1836
3778,913,60,A,63245
3779,876,31,C,60769
3780,39,45,D,5712
3781,783,62,D,57460
3782,832,77,C,60903
3783,175,100,D,18700
3784,590,81,D,45628
3785,924,63,A,64155
3786,481,45,D,35768
3787,635,31,C,44622
3788,399,34,C,29011
3789,637,16,C,43751
3790,180,87,A,17355
3791,79,47,B,8316
3792,329,14,A,22295
3793,686,91,B,51282
3794,931,85,C,68072
3795,736,64,B,52800
3796,753,21,B,51084
3797,804,51,B,56430
3798,130,11,C,9447
3799,750,13,B,50358
3800,549,40,A,38285
3801,755,11,A,49790
3802,516,63,D,39372
3803,831,16,D,57596
3804,245,77,C,21574
3805,666,75,C,49647
3806,846,31,D,59636
3807,404,43,A,29055
3808,947,19,B,63756
3809,85,47,D,8976
3810,595,87,D,46376
3811,378,89,B,30822
3812,793,28,B,54186
3813,725,47,C,51724
3814,281,83,B,24024
3815,726,56,B,51612
3816,566,40,C,40602
3817,462,97,B,36894
3818,881,49,D,63240
3819,358,83,D,29988
3820,149,51,C,13400
3821,175,29,D,13872
3822,367,88,B,30030
3823,731,96,A,53755
3824,745,17,C,51054
3825,872,66,A,60970
3826,259,66,D,22100
3827,480,93,D,38964
3828,164,38,A,13130
3829,61,31,A,5980
3830,501,63,C,37788
3831,247,83,C,22110
3832,847,50,D,60996
3833,237,32,D,18292
3834,638,64,B,46332
3835,819,56,C,58625
3836,889,67,D,65008
3837,805,30,B,55110
3838,303,100,D,27404
3839,93,70,B,10758
3840,239,50,A,18785
3841,391,74,B,30690
3842,642,22,B,43824
3843,755,38,A,51545
3844,138,88,A,14690
3845,600,62,B,43692
3846,983,59,D,70856
3847,405,69,C,31758
3848,183,53,C,15812
3849,749,23,B,50952
3850,798,70,D,59024
3851,878,71,C,63583
3852,334,17,D,23868
3853,692,31,D,49164
3854,376,21,B,26202
3855,87,27,C,7638
3856,686,25,A,46215
3857,754,37,C,52997
3858,476,10,A,31590
3859,317,86,B,26598
3860,785,98,D,60044
3861,938,31,D,65892
3862,875,34,A,59085
3863,768,68,A,54340
3864,747,73,A,53300
3865,985,18,D,68204
3866,631,33,A,43160
3867,212,60,B,17952
3868,539,91,B,41580
3869,929,43,D,66096
3870,571,70,A,41665
3871,368,96,C,31088
3872,155,24,D,12172
3873,999,49,C,70216
3874,615,27,C,43014
3875,674,33,B,46662
3876,20,100,D,8160
3877,4,92,B,6336
3878,737,54,C,52997
3879,181,36,B,14322
3880,649,40,B,45474
3881,622,51,A,43745
3882,370,28,B,26268
3883,675,40,A,46475
3884,295,79,D,25432
3885,281,65,A,22490
3886,215,44,A,16835
3887,721,33,A,49010
3888,728,48,D,52768
3889,391,76,C,31289
3890,734,52,C,52662
3891,377,37,B,27324
3892,449,55,C,33768
3893,270,38,C,20636
3894,113,68,D,12308
3895,347,43,B,25740
3896,365,55,D,28560
3897,774,54,D,56304
3898,420,21,B,29106
3899,503,58,A,36465
3900,312,77,D,26452
3901,121,38,C,10653
3902,669,72,B,48906
3903,363,59,D,28696
3904,867,94,C,64387
3905,971,87,B,69828
3906,820,95,A,59475
3907,849,11,A,55900
3908,327,39,A,23790
3909,74,95,B,11154
3910,780,31,C,54337
3911,449,25,A,30810
3912,367,49,D,28288
3913,121,99,D,14960
3914,191,52,D,16524
3915,674,59,C,49111
3916,370,66,C,29212
3917,133,62,C,13065
3918,176,44,B,14520
3919,14,38,A,3380
3920,490,70,D,38080
3921,623,36,B,43494
3922,581,89,C,44890
3923,411,67,A,31070
3924,13,61,C,4958
3925,836,41,C,58759
3926,360,21,D,25908
3927,616,38,C,43818
3928,1,27,A,1820
3929,521,23,B,35904
3930,254,38,B,19272
3931,404,25,D,29172
3932,128,56,A,11960
3933,777,13,B,52140
3934,326,33,A,23335
3935,776,34,C,54270
3936,192,53,A,15925
3937,251,32,A,18395
3938,910,80,D,67320
3939,137,61,A,12870
3940,909,98,A,65455
3941,773,31,B,53064
3942,92,42,C,8978
3943,291,55,C,23182
3944,199,37,B,15576
3945,432,75,C,33969
3946,772,86,B,56628
3947,38,90,D,8704
3948,243,71,D,21352
3949,398,95,B,32538
3950,555,95,A,42250
3951,739,27,D,52088
3952,72,95,D,11356
3953,496,78,B,37884
3954,240,47,C,19229
3955,985,10,D,67660
3956,962,91,C,70551
3957,730,37,B,50622
3958,792,77,C,58223
3959,949,85,D,70312
3960,482,45,C,35309
3961,962,100,D,72216
3962,973,60,B,68178
3963,533,69,C,40334
3964,647,88,C,49245
3965,996,25,A,66365
3966,955,29,C,65928
3967,616,64,C,45560
3968,529,100,D,42772
3969,425,61,C,32562
3970,961,69,C,69010
3971,8,20,C,1876
3972,224,85,D,21012
3973,433,85,B,34188
3974,879,25,A,58760
3975,805,64,A,56485
3976,583,65,B,42768
3977,729,40,D,52292
3978,115,64,A,11635
3979,731,57,C,52796
3980,501,36,C,35979
3981,721,30,A,48815
3982,921,68,D,67252
3983,353,62,D,28220
3984,673,47,C,48240
3985,378,80,A,29770
3986,276,18,D,19992
3987,909,22,D,63308
3988,278,11,C,19363
3989,494,47,C,36247
3990,493,17,A,33150
3991,102,40,A,9230
3992,471,33,B,33264
3993,634,53,D,46716
3994,866,19,A,57525
3995,429,40,C,31423
3996,46,27,D,4964
3997,171,37,B,13728
3998,801,22,C,55141
3999,793,78,B,57486
4000,913,61,D,66232
